{
  "timestamp_utc": "2026-04-25T19:56:47.302161+00:00",
  "model_location": "mlp_differential_privacy/artifacts/local_dp/models/local/epsilon-14/wfh/best_model.pt",
  "output_name": "private_train_federate_client_wfh_model:epsilon-14",
  "attack_output": "mlp_attack/results/private_train_federate/client/wfh_model/epsilon-14",
  "target_persona": "wfh",
  "window_size": 1,
  "horizon": 1,
  "train_ratio": 0.7,
  "val_ratio": 0.15,
  "member_count": 2282,
  "non_member_count": 403,
  "threshold": 0.7625109553337097,
  "threshold_selection_accuracy": 0.8502793296089386,
  "score_mean_member": 0.14340795576572418,
  "score_mean_non_member": 0.17661572992801666,
  "score_std_member": 0.1370120495557785,
  "score_std_non_member": 0.16887381672859192,
  "metrics": {
    "attack_accuracy": 0.8502793296089386,
    "attack_precision": 0.851008215085885,
    "attack_recall": 0.9986853637160386,
    "attack_f1": 0.9189516129032258,
    "roc_auc": 0.5474084593419641,
    "tp": 2279.0,
    "tn": 4.0,
    "fp": 399.0,
    "fn": 3.0
  }
}