{
  "binary_accuracy": 0.9774963634807906,
  "binary_macro_f1": 0.5331863363535307,
  "continuous_mae": 0.02090490609407425,
  "continuous_rmse": 0.028145231306552887
}