{
  "binary_accuracy": 0.9812612304269701,
  "binary_macro_f1": 0.6866580539541857,
  "continuous_mae": 0.019474443048238754,
  "continuous_rmse": 0.027425115928053856
}