{
  "binary_accuracy": 0.9825447077949859,
  "binary_macro_f1": 0.7096523619131241,
  "continuous_mae": 0.018574673682451248,
  "continuous_rmse": 0.026243362575769424
}