{
  "timestamp_utc": "2026-04-25T19:55:39.237228+00:00",
  "model_location": "mlp_differential_privacy/artifacts/federated/epsilon-25/best_model_posthoc.pt",
  "output_name": "train_private_federate_server_output_model:epsilon-25",
  "attack_output": "mlp_attack/results/train_private_federate/server_output_model/epsilon-25",
  "target_persona": "commuter",
  "window_size": 1,
  "horizon": 1,
  "train_ratio": 0.7,
  "val_ratio": 0.15,
  "member_count": 2282,
  "non_member_count": 403,
  "threshold": 120.9234848022461,
  "threshold_selection_accuracy": 0.8499068901303538,
  "score_mean_member": 34.34425735473633,
  "score_mean_non_member": 51.10102081298828,
  "score_std_member": 20.468849182128906,
  "score_std_non_member": 20.096004486083984,
  "metrics": {
    "attack_accuracy": 0.8499068901303538,
    "attack_precision": 0.8499068901303538,
    "attack_recall": 1.0,
    "attack_f1": 0.91886450573787,
    "roc_auc": 0.726790525919756,
    "tp": 2282.0,
    "tn": 0.0,
    "fp": 403.0,
    "fn": 0.0
  }
}