{
  "timestamp_utc": "2026-04-25T19:57:52.606990+00:00",
  "model_location": "mlp_differential_privacy/artifacts/local_dp/models/federated/epsilon-11/federated_model.pt",
  "output_name": "private_train_federate_server_model:epsilon-11",
  "attack_output": "mlp_attack/results/private_train_federate/server/epsilon-11",
  "target_persona": "commuter",
  "window_size": 1,
  "horizon": 1,
  "train_ratio": 0.7,
  "val_ratio": 0.15,
  "member_count": 2282,
  "non_member_count": 403,
  "threshold": 0.7280538082122803,
  "threshold_selection_accuracy": 0.8499068901303538,
  "score_mean_member": 0.15918958187103271,
  "score_mean_non_member": 0.1898604929447174,
  "score_std_member": 0.1535634547472,
  "score_std_non_member": 0.1920395940542221,
  "metrics": {
    "attack_accuracy": 0.8499068901303538,
    "attack_precision": 0.8530627583615182,
    "attack_recall": 0.9947414548641542,
    "attack_f1": 0.9184705644345539,
    "roc_auc": 0.5284881356521967,
    "tp": 2270.0,
    "tn": 12.0,
    "fp": 391.0,
    "fn": 12.0
  }
}