{
  "timestamp_utc": "2026-04-25T19:55:54.516995+00:00",
  "model_location": "mlp_differential_privacy/artifacts/local_dp/models/local/epsilon-4/commuter/best_model.pt",
  "output_name": "private_train_federate_client_commuter_model:epsilon-4",
  "attack_output": "mlp_attack/results/private_train_federate/client/commuter_model/epsilon-4",
  "target_persona": "commuter",
  "window_size": 1,
  "horizon": 1,
  "train_ratio": 0.7,
  "val_ratio": 0.15,
  "member_count": 2282,
  "non_member_count": 403,
  "threshold": 0.8033152222633362,
  "threshold_selection_accuracy": 0.8502793296089386,
  "score_mean_member": 0.16650332510471344,
  "score_mean_non_member": 0.19670769572257996,
  "score_std_member": 0.1459406167268753,
  "score_std_non_member": 0.18483658134937286,
  "metrics": {
    "attack_accuracy": 0.8502793296089386,
    "attack_precision": 0.8507462686567164,
    "attack_recall": 0.9991235758106923,
    "attack_f1": 0.9189842805320435,
    "roc_auc": 0.5265493461614578,
    "tp": 2280.0,
    "tn": 3.0,
    "fp": 400.0,
    "fn": 2.0
  }
}