{
  "timestamp_utc": "2026-04-25T19:56:27.635528+00:00",
  "model_location": "mlp_differential_privacy/artifacts/local_dp/models/local/epsilon-12/hybrid/best_model.pt",
  "output_name": "private_train_federate_client_hybrid_model:epsilon-12",
  "attack_output": "mlp_attack/results/private_train_federate/client/hybrid_model/epsilon-12",
  "target_persona": "hybrid",
  "window_size": 1,
  "horizon": 1,
  "train_ratio": 0.7,
  "val_ratio": 0.15,
  "member_count": 2282,
  "non_member_count": 403,
  "threshold": 0.7421945333480835,
  "threshold_selection_accuracy": 0.8521415270018622,
  "score_mean_member": 0.16082392632961273,
  "score_mean_non_member": 0.20714445412158966,
  "score_std_member": 0.14787930250167847,
  "score_std_non_member": 0.20873787999153137,
  "metrics": {
    "attack_accuracy": 0.8521415270018622,
    "attack_precision": 0.852864095844253,
    "attack_recall": 0.9982471516213848,
    "attack_f1": 0.9198465576418332,
    "roc_auc": 0.5312272330875141,
    "tp": 2278.0,
    "tn": 10.0,
    "fp": 393.0,
    "fn": 4.0
  }
}