{
  "timestamp_utc": "2026-04-25T19:55:37.539472+00:00",
  "model_location": "mlp_differential_privacy/artifacts/federated/epsilon-15/best_model_posthoc.pt",
  "output_name": "train_private_federate_server_output_model:epsilon-15",
  "attack_output": "mlp_attack/results/train_private_federate/server_output_model/epsilon-15",
  "target_persona": "commuter",
  "window_size": 1,
  "horizon": 1,
  "train_ratio": 0.7,
  "val_ratio": 0.15,
  "member_count": 2282,
  "non_member_count": 403,
  "threshold": 2163.921630859375,
  "threshold_selection_accuracy": 0.8499068901303538,
  "score_mean_member": 401.9057922363281,
  "score_mean_non_member": 546.1332397460938,
  "score_std_member": 262.3927917480469,
  "score_std_non_member": 237.3831787109375,
  "metrics": {
    "attack_accuracy": 0.8499068901303538,
    "attack_precision": 0.8499068901303538,
    "attack_recall": 1.0,
    "attack_f1": 0.91886450573787,
    "roc_auc": 0.674608490658362,
    "tp": 2282.0,
    "tn": 0.0,
    "fp": 403.0,
    "fn": 0.0
  }
}