{
  "timestamp_utc": "2026-04-25T19:55:44.946798+00:00",
  "model_location": "mlp_differential_privacy/artifacts/local_dp/models/local/epsilon-2/retiree/best_model.pt",
  "output_name": "private_train_federate_client_retiree_model:epsilon-2",
  "attack_output": "mlp_attack/results/private_train_federate/client/retiree_model/epsilon-2",
  "target_persona": "retiree",
  "window_size": 1,
  "horizon": 1,
  "train_ratio": 0.7,
  "val_ratio": 0.15,
  "member_count": 2282,
  "non_member_count": 403,
  "threshold": 0.6785790920257568,
  "threshold_selection_accuracy": 0.8499068901303538,
  "score_mean_member": 0.21382851898670197,
  "score_mean_non_member": 0.20411425828933716,
  "score_std_member": 0.11623469740152359,
  "score_std_non_member": 0.13086716830730438,
  "metrics": {
    "attack_accuracy": 0.8499068901303538,
    "attack_precision": 0.8501677226984719,
    "attack_recall": 0.9995617879053462,
    "attack_f1": 0.9188318227593152,
    "roc_auc": 0.4457269427584092,
    "tp": 2281.0,
    "tn": 1.0,
    "fp": 402.0,
    "fn": 1.0
  }
}