{
  "timestamp_utc": "2026-04-25T19:55:55.938237+00:00",
  "model_location": "mlp_differential_privacy/artifacts/local_dp/models/local/epsilon-2/traveler/best_model.pt",
  "output_name": "private_train_federate_client_traveler_model:epsilon-2",
  "attack_output": "mlp_attack/results/private_train_federate/client/traveler_model/epsilon-2",
  "target_persona": "traveler",
  "window_size": 1,
  "horizon": 1,
  "train_ratio": 0.7,
  "val_ratio": 0.15,
  "member_count": 2282,
  "non_member_count": 403,
  "threshold": 0.5717316269874573,
  "threshold_selection_accuracy": 0.8502793296089386,
  "score_mean_member": 0.22323328256607056,
  "score_mean_non_member": 0.21422922611236572,
  "score_std_member": 0.10374769568443298,
  "score_std_non_member": 0.13918310403823853,
  "metrics": {
    "attack_accuracy": 0.8502793296089386,
    "attack_precision": 0.8531179564237416,
    "attack_recall": 0.9951796669588081,
    "attack_f1": 0.9186893203883495,
    "roc_auc": 0.4221232952679618,
    "tp": 2271.0,
    "tn": 12.0,
    "fp": 391.0,
    "fn": 11.0
  }
}