{
  "timestamp_utc": "2026-04-25T19:57:57.834315+00:00",
  "model_location": "mlp_differential_privacy/artifacts/local_dp/models/federated/epsilon-30/federated_model.pt",
  "output_name": "private_train_federate_server_model:epsilon-30",
  "attack_output": "mlp_attack/results/private_train_federate/server/epsilon-30",
  "target_persona": "commuter",
  "window_size": 1,
  "horizon": 1,
  "train_ratio": 0.7,
  "val_ratio": 0.15,
  "member_count": 2282,
  "non_member_count": 403,
  "threshold": 0.9340393543243408,
  "threshold_selection_accuracy": 0.8499068901303538,
  "score_mean_member": 0.13982045650482178,
  "score_mean_non_member": 0.16980591416358948,
  "score_std_member": 0.14934729039669037,
  "score_std_non_member": 0.1819043904542923,
  "metrics": {
    "attack_accuracy": 0.8499068901303538,
    "attack_precision": 0.8499068901303538,
    "attack_recall": 1.0,
    "attack_f1": 0.91886450573787,
    "roc_auc": 0.5413278587630458,
    "tp": 2282.0,
    "tn": 0.0,
    "fp": 403.0,
    "fn": 0.0
  }
}