{
  "timestamp_utc": "2026-04-25T19:55:47.019493+00:00",
  "model_location": "mlp_differential_privacy/artifacts/local_dp/models/local/epsilon-1/commuter/best_model.pt",
  "output_name": "private_train_federate_client_commuter_model:epsilon-1",
  "attack_output": "mlp_attack/results/private_train_federate/client/commuter_model/epsilon-1",
  "target_persona": "commuter",
  "window_size": 1,
  "horizon": 1,
  "train_ratio": 0.7,
  "val_ratio": 0.15,
  "member_count": 2282,
  "non_member_count": 403,
  "threshold": 0.8383089900016785,
  "threshold_selection_accuracy": 0.8499068901303538,
  "score_mean_member": 0.3977602422237396,
  "score_mean_non_member": 0.36431628465652466,
  "score_std_member": 0.08533921092748642,
  "score_std_non_member": 0.09256583452224731,
  "metrics": {
    "attack_accuracy": 0.8499068901303538,
    "attack_precision": 0.8499068901303538,
    "attack_recall": 1.0,
    "attack_f1": 0.91886450573787,
    "roc_auc": 0.3905350537054475,
    "tp": 2282.0,
    "tn": 0.0,
    "fp": 403.0,
    "fn": 0.0
  }
}