{
  "timestamp_utc": "2026-04-25T19:57:20.306476+00:00",
  "model_location": "mlp_differential_privacy/artifacts/local_dp/models/local/epsilon-24/night_shift/best_model.pt",
  "output_name": "private_train_federate_client_night_shift_model:epsilon-24",
  "attack_output": "mlp_attack/results/private_train_federate/client/night_shift_model/epsilon-24",
  "target_persona": "night_shift",
  "window_size": 1,
  "horizon": 1,
  "train_ratio": 0.7,
  "val_ratio": 0.15,
  "member_count": 2282,
  "non_member_count": 403,
  "threshold": 0.7093551158905029,
  "threshold_selection_accuracy": 0.8499068901303538,
  "score_mean_member": 0.12163537740707397,
  "score_mean_non_member": 0.14704777300357819,
  "score_std_member": 0.13510915637016296,
  "score_std_non_member": 0.15439683198928833,
  "metrics": {
    "attack_accuracy": 0.8499068901303538,
    "attack_precision": 0.851214953271028,
    "attack_recall": 0.9978089395267309,
    "attack_f1": 0.9187008271131732,
    "roc_auc": 0.5729041392013884,
    "tp": 2277.0,
    "tn": 5.0,
    "fp": 398.0,
    "fn": 5.0
  }
}