{
  "binary_accuracy": 0.9866518353726362,
  "binary_macro_f1": 0.6905898525375535,
  "continuous_mae": 0.016364483162760735,
  "continuous_rmse": 0.023314565420150757
}