{
  "binary_accuracy": 0.987336356635578,
  "binary_macro_f1": 0.7003966623373461,
  "continuous_mae": 0.015206165611743927,
  "continuous_rmse": 0.02167120948433876
}