{
  "binary_accuracy": 0.9765551467442457,
  "binary_macro_f1": 0.6091897998061564,
  "continuous_mae": 0.017166143283247948,
  "continuous_rmse": 0.023556018248200417
}