{
  "binary_accuracy": 0.9759561906391717,
  "binary_macro_f1": 0.6104060091107051,
  "continuous_mae": 0.017321350052952766,
  "continuous_rmse": 0.022807633504271507
}