{
  "timestamp_utc": "2026-04-25T19:55:27.170430+00:00",
  "model_location": "mlp_train/artifacts/train_yourself/student/best_model.pt",
  "output_name": "train_and_federate_client_student_model",
  "attack_output": "mlp_attack/results/train_and_federate/client_student_model",
  "target_persona": "student",
  "window_size": 1,
  "horizon": 1,
  "train_ratio": 0.7,
  "val_ratio": 0.15,
  "member_count": 2282,
  "non_member_count": 403,
  "threshold": 0.8082966804504395,
  "threshold_selection_accuracy": 0.8506517690875233,
  "score_mean_member": 0.05999147891998291,
  "score_mean_non_member": 0.08847274631261826,
  "score_std_member": 0.09811575710773468,
  "score_std_non_member": 0.13207712769508362,
  "metrics": {
    "attack_accuracy": 0.8506517690875233,
    "attack_precision": 0.8508019395747856,
    "attack_recall": 0.9995617879053462,
    "attack_f1": 0.91920209550675,
    "roc_auc": 0.5838518299432608,
    "tp": 2281.0,
    "tn": 3.0,
    "fp": 400.0,
    "fn": 1.0
  }
}