{
  "timestamp_utc": "2026-04-25T19:55:55.724813+00:00",
  "model_location": "mlp_differential_privacy/artifacts/local_dp/models/local/epsilon-3/night_shift/best_model.pt",
  "output_name": "private_train_federate_client_night_shift_model:epsilon-3",
  "attack_output": "mlp_attack/results/private_train_federate/client/night_shift_model/epsilon-3",
  "target_persona": "night_shift",
  "window_size": 1,
  "horizon": 1,
  "train_ratio": 0.7,
  "val_ratio": 0.15,
  "member_count": 2282,
  "non_member_count": 403,
  "threshold": 0.855292558670044,
  "threshold_selection_accuracy": 0.8502793296089386,
  "score_mean_member": 0.1931118369102478,
  "score_mean_non_member": 0.21170982718467712,
  "score_std_member": 0.13039690256118774,
  "score_std_non_member": 0.1531779021024704,
  "metrics": {
    "attack_accuracy": 0.8502793296089386,
    "attack_precision": 0.8504847129008203,
    "attack_recall": 0.9995617879053462,
    "attack_f1": 0.919016921837228,
    "roc_auc": 0.5235514534940618,
    "tp": 2281.0,
    "tn": 2.0,
    "fp": 401.0,
    "fn": 1.0
  }
}