{
  "timestamp_utc": "2026-04-25T19:56:37.713489+00:00",
  "model_location": "mlp_differential_privacy/artifacts/local_dp/models/local/epsilon-14/commuter/best_model.pt",
  "output_name": "private_train_federate_client_commuter_model:epsilon-14",
  "attack_output": "mlp_attack/results/private_train_federate/client/commuter_model/epsilon-14",
  "target_persona": "commuter",
  "window_size": 1,
  "horizon": 1,
  "train_ratio": 0.7,
  "val_ratio": 0.15,
  "member_count": 2282,
  "non_member_count": 403,
  "threshold": 0.9687166213989258,
  "threshold_selection_accuracy": 0.8502793296089386,
  "score_mean_member": 0.12967203557491302,
  "score_mean_non_member": 0.16192947328090668,
  "score_std_member": 0.1458837240934372,
  "score_std_non_member": 0.18225522339344025,
  "metrics": {
    "attack_accuracy": 0.8502793296089386,
    "attack_precision": 0.8502235469448585,
    "attack_recall": 1.0,
    "attack_f1": 0.919049536850584,
    "roc_auc": 0.5417758572320219,
    "tp": 2282.0,
    "tn": 1.0,
    "fp": 402.0,
    "fn": 0.0
  }
}