{
  "timestamp_utc": "2026-04-25T19:56:10.827525+00:00",
  "model_location": "mlp_differential_privacy/artifacts/local_dp/models/local/epsilon-6/wfh/best_model.pt",
  "output_name": "private_train_federate_client_wfh_model:epsilon-6",
  "attack_output": "mlp_attack/results/private_train_federate/client/wfh_model/epsilon-6",
  "target_persona": "wfh",
  "window_size": 1,
  "horizon": 1,
  "train_ratio": 0.7,
  "val_ratio": 0.15,
  "member_count": 2282,
  "non_member_count": 403,
  "threshold": 0.6389825344085693,
  "threshold_selection_accuracy": 0.8502793296089386,
  "score_mean_member": 0.16809026896953583,
  "score_mean_non_member": 0.197988823056221,
  "score_std_member": 0.13812965154647827,
  "score_std_non_member": 0.17123177647590637,
  "metrics": {
    "attack_accuracy": 0.8502793296089386,
    "attack_precision": 0.8536493604213694,
    "attack_recall": 0.9943032427695004,
    "attack_f1": 0.9186234817813764,
    "roc_auc": 0.5316491345582974,
    "tp": 2269.0,
    "tn": 14.0,
    "fp": 389.0,
    "fn": 13.0
  }
}