{
  "binary_accuracy": 0.9800633182168221,
  "binary_macro_f1": 0.590958902970949,
  "continuous_mae": 0.018036626279354095,
  "continuous_rmse": 0.02505260333418846
}