{
  "binary_accuracy": 0.9814323607427056,
  "binary_macro_f1": 0.6681056909646389,
  "continuous_mae": 0.018052494153380394,
  "continuous_rmse": 0.025418922305107117
}