{
  "timestamp_utc": "2026-04-25T19:55:47.189533+00:00",
  "model_location": "mlp_differential_privacy/artifacts/local_dp/models/local/epsilon-2/student/best_model.pt",
  "output_name": "private_train_federate_client_student_model:epsilon-2",
  "attack_output": "mlp_attack/results/private_train_federate/client/student_model/epsilon-2",
  "target_persona": "student",
  "window_size": 1,
  "horizon": 1,
  "train_ratio": 0.7,
  "val_ratio": 0.15,
  "member_count": 2282,
  "non_member_count": 403,
  "threshold": 0.6686465740203857,
  "threshold_selection_accuracy": 0.8499068901303538,
  "score_mean_member": 0.2195468544960022,
  "score_mean_non_member": 0.23138654232025146,
  "score_std_member": 0.10282178968191147,
  "score_std_non_member": 0.13230754435062408,
  "metrics": {
    "attack_accuracy": 0.8499068901303538,
    "attack_precision": 0.8501677226984719,
    "attack_recall": 0.9995617879053462,
    "attack_f1": 0.9188318227593152,
    "roc_auc": 0.49455551375203066,
    "tp": 2281.0,
    "tn": 1.0,
    "fp": 402.0,
    "fn": 1.0
  }
}