{
  "timestamp_utc": "2026-04-25T19:56:27.107606+00:00",
  "model_location": "mlp_differential_privacy/artifacts/local_dp/models/local/epsilon-12/retiree/best_model.pt",
  "output_name": "private_train_federate_client_retiree_model:epsilon-12",
  "attack_output": "mlp_attack/results/private_train_federate/client/retiree_model/epsilon-12",
  "target_persona": "retiree",
  "window_size": 1,
  "horizon": 1,
  "train_ratio": 0.7,
  "val_ratio": 0.15,
  "member_count": 2282,
  "non_member_count": 403,
  "threshold": 0.6843954920768738,
  "threshold_selection_accuracy": 0.8517690875232775,
  "score_mean_member": 0.13697873055934906,
  "score_mean_non_member": 0.15554474294185638,
  "score_std_member": 0.14596499502658844,
  "score_std_non_member": 0.17270468175411224,
  "metrics": {
    "attack_accuracy": 0.8517690875232775,
    "attack_precision": 0.852808988764045,
    "attack_recall": 0.9978089395267309,
    "attack_f1": 0.9196284329563812,
    "roc_auc": 0.5144609991235758,
    "tp": 2277.0,
    "tn": 10.0,
    "fp": 393.0,
    "fn": 5.0
  }
}