{
  "binary_accuracy": 0.9818601865320441,
  "binary_macro_f1": 0.623331521334986,
  "continuous_mae": 0.01852177269756794,
  "continuous_rmse": 0.025838330388069153
}