{
  "binary_accuracy": 0.9823735774792505,
  "binary_macro_f1": 0.7133015712116942,
  "continuous_mae": 0.018726443871855736,
  "continuous_rmse": 0.02541143260896206
}