{
  "binary_accuracy": 0.9840848806366048,
  "binary_macro_f1": 0.6740460683829909,
  "continuous_mae": 0.016431128606200218,
  "continuous_rmse": 0.02359527349472046
}