{
  "binary_accuracy": 0.9850260973731496,
  "binary_macro_f1": 0.6660091096334354,
  "continuous_mae": 0.01421709917485714,
  "continuous_rmse": 0.021607620641589165
}