{
  "timestamp_utc": "2026-04-25T19:57:51.587700+00:00",
  "model_location": "mlp_differential_privacy/artifacts/local_dp/models/federated/epsilon-7/federated_model.pt",
  "output_name": "private_train_federate_server_model:epsilon-7",
  "attack_output": "mlp_attack/results/private_train_federate/server/epsilon-7",
  "target_persona": "commuter",
  "window_size": 1,
  "horizon": 1,
  "train_ratio": 0.7,
  "val_ratio": 0.15,
  "member_count": 2282,
  "non_member_count": 403,
  "threshold": 0.7135685682296753,
  "threshold_selection_accuracy": 0.8499068901303538,
  "score_mean_member": 0.17147976160049438,
  "score_mean_non_member": 0.19852811098098755,
  "score_std_member": 0.15314935147762299,
  "score_std_non_member": 0.19206131994724274,
  "metrics": {
    "attack_accuracy": 0.8499068901303538,
    "attack_precision": 0.8533283189168861,
    "attack_recall": 0.9943032427695004,
    "attack_f1": 0.9184375632463064,
    "roc_auc": 0.5166922924690587,
    "tp": 2269.0,
    "tn": 13.0,
    "fp": 390.0,
    "fn": 13.0
  }
}