{
  "timestamp_utc": "2026-04-25T19:57:03.504161+00:00",
  "model_location": "mlp_differential_privacy/artifacts/local_dp/models/local/epsilon-19/hybrid/best_model.pt",
  "output_name": "private_train_federate_client_hybrid_model:epsilon-19",
  "attack_output": "mlp_attack/results/private_train_federate/client/hybrid_model/epsilon-19",
  "target_persona": "hybrid",
  "window_size": 1,
  "horizon": 1,
  "train_ratio": 0.7,
  "val_ratio": 0.15,
  "member_count": 2282,
  "non_member_count": 403,
  "threshold": 0.7845377922058105,
  "threshold_selection_accuracy": 0.8517690875232775,
  "score_mean_member": 0.15140703320503235,
  "score_mean_non_member": 0.19638098776340485,
  "score_std_member": 0.14592403173446655,
  "score_std_non_member": 0.2042681872844696,
  "metrics": {
    "attack_accuracy": 0.8517690875232775,
    "attack_precision": 0.8517550410754294,
    "attack_recall": 0.9995617879053462,
    "attack_f1": 0.919758064516129,
    "roc_auc": 0.5321808608964753,
    "tp": 2281.0,
    "tn": 6.0,
    "fp": 397.0,
    "fn": 1.0
  }
}