{
  "timestamp_utc": "2026-04-25T19:57:20.280402+00:00",
  "model_location": "mlp_differential_privacy/artifacts/local_dp/models/local/epsilon-23/retiree/best_model.pt",
  "output_name": "private_train_federate_client_retiree_model:epsilon-23",
  "attack_output": "mlp_attack/results/private_train_federate/client/retiree_model/epsilon-23",
  "target_persona": "retiree",
  "window_size": 1,
  "horizon": 1,
  "train_ratio": 0.7,
  "val_ratio": 0.15,
  "member_count": 2282,
  "non_member_count": 403,
  "threshold": 0.6541372537612915,
  "threshold_selection_accuracy": 0.8521415270018622,
  "score_mean_member": 0.12470225989818573,
  "score_mean_non_member": 0.14092710614204407,
  "score_std_member": 0.14259684085845947,
  "score_std_non_member": 0.16946710646152496,
  "metrics": {
    "attack_accuracy": 0.8521415270018622,
    "attack_precision": 0.8531285125515174,
    "attack_recall": 0.9978089395267309,
    "attack_f1": 0.9198141789537468,
    "roc_auc": 0.5130909067184547,
    "tp": 2277.0,
    "tn": 11.0,
    "fp": 392.0,
    "fn": 5.0
  }
}