{
  "timestamp_utc": "2026-04-25T19:57:13.272682+00:00",
  "model_location": "mlp_differential_privacy/artifacts/local_dp/models/local/epsilon-21/hybrid/best_model.pt",
  "output_name": "private_train_federate_client_hybrid_model:epsilon-21",
  "attack_output": "mlp_attack/results/private_train_federate/client/hybrid_model/epsilon-21",
  "target_persona": "hybrid",
  "window_size": 1,
  "horizon": 1,
  "train_ratio": 0.7,
  "val_ratio": 0.15,
  "member_count": 2282,
  "non_member_count": 403,
  "threshold": 0.7824225425720215,
  "threshold_selection_accuracy": 0.8517690875232775,
  "score_mean_member": 0.14968767762184143,
  "score_mean_non_member": 0.19446027278900146,
  "score_std_member": 0.14554260671138763,
  "score_std_non_member": 0.2033061385154724,
  "metrics": {
    "attack_accuracy": 0.8517690875232775,
    "attack_precision": 0.8517550410754294,
    "attack_recall": 0.9995617879053462,
    "attack_f1": 0.919758064516129,
    "roc_auc": 0.5326973639857076,
    "tp": 2281.0,
    "tn": 6.0,
    "fp": 397.0,
    "fn": 1.0
  }
}