{
  "timestamp_utc": "2026-04-25T19:55:38.513069+00:00",
  "model_location": "mlp_differential_privacy/artifacts/federated/epsilon-23/best_model_posthoc.pt",
  "output_name": "train_private_federate_server_output_model:epsilon-23",
  "attack_output": "mlp_attack/results/train_private_federate/server_output_model/epsilon-23",
  "target_persona": "commuter",
  "window_size": 1,
  "horizon": 1,
  "train_ratio": 0.7,
  "val_ratio": 0.15,
  "member_count": 2282,
  "non_member_count": 403,
  "threshold": 190.87167358398438,
  "threshold_selection_accuracy": 0.8499068901303538,
  "score_mean_member": 49.9239616394043,
  "score_mean_non_member": 72.63850402832031,
  "score_std_member": 30.109193801879883,
  "score_std_non_member": 28.690439224243164,
  "metrics": {
    "attack_accuracy": 0.8499068901303538,
    "attack_precision": 0.8499068901303538,
    "attack_recall": 1.0,
    "attack_f1": 0.91886450573787,
    "roc_auc": 0.7136713474532592,
    "tp": 2282.0,
    "tn": 0.0,
    "fp": 403.0,
    "fn": 0.0
  }
}