{
  "timestamp_utc": "2026-04-25T19:56:03.664138+00:00",
  "model_location": "mlp_differential_privacy/artifacts/local_dp/models/local/epsilon-6/hybrid/best_model.pt",
  "output_name": "private_train_federate_client_hybrid_model:epsilon-6",
  "attack_output": "mlp_attack/results/private_train_federate/client/hybrid_model/epsilon-6",
  "target_persona": "hybrid",
  "window_size": 1,
  "horizon": 1,
  "train_ratio": 0.7,
  "val_ratio": 0.15,
  "member_count": 2282,
  "non_member_count": 403,
  "threshold": 0.7150082588195801,
  "threshold_selection_accuracy": 0.8528864059590316,
  "score_mean_member": 0.1798425018787384,
  "score_mean_non_member": 0.2246835082769394,
  "score_std_member": 0.14961311221122742,
  "score_std_non_member": 0.21054445207118988,
  "metrics": {
    "attack_accuracy": 0.8528864059590316,
    "attack_precision": 0.85456595264938,
    "attack_recall": 0.9964943032427696,
    "attack_f1": 0.9200890147683592,
    "roc_auc": 0.5269668981325424,
    "tp": 2274.0,
    "tn": 16.0,
    "fp": 387.0,
    "fn": 8.0
  }
}