{
  "timestamp_utc": "2026-04-25T19:57:58.200314+00:00",
  "model_location": "mlp_differential_privacy/artifacts/local_dp/models/federated/epsilon-25/federated_model.pt",
  "output_name": "private_train_federate_server_model:epsilon-25",
  "attack_output": "mlp_attack/results/private_train_federate/server/epsilon-25",
  "target_persona": "commuter",
  "window_size": 1,
  "horizon": 1,
  "train_ratio": 0.7,
  "val_ratio": 0.15,
  "member_count": 2282,
  "non_member_count": 403,
  "threshold": 0.9407289624214172,
  "threshold_selection_accuracy": 0.8499068901303538,
  "score_mean_member": 0.1426566243171692,
  "score_mean_non_member": 0.17254473268985748,
  "score_std_member": 0.1500501036643982,
  "score_std_non_member": 0.18374036252498627,
  "metrics": {
    "attack_accuracy": 0.8499068901303538,
    "attack_precision": 0.8499068901303538,
    "attack_recall": 1.0,
    "attack_f1": 0.91886450573787,
    "roc_auc": 0.537743871011237,
    "tp": 2282.0,
    "tn": 0.0,
    "fp": 403.0,
    "fn": 0.0
  }
}