{
  "timestamp_utc": "2026-04-25T19:57:03.024138+00:00",
  "model_location": "mlp_differential_privacy/artifacts/local_dp/models/local/epsilon-19/retiree/best_model.pt",
  "output_name": "private_train_federate_client_retiree_model:epsilon-19",
  "attack_output": "mlp_attack/results/private_train_federate/client/retiree_model/epsilon-19",
  "target_persona": "retiree",
  "window_size": 1,
  "horizon": 1,
  "train_ratio": 0.7,
  "val_ratio": 0.15,
  "member_count": 2282,
  "non_member_count": 403,
  "threshold": 0.5999640822410583,
  "threshold_selection_accuracy": 0.8517690875232775,
  "score_mean_member": 0.12655653059482574,
  "score_mean_non_member": 0.14515407383441925,
  "score_std_member": 0.14310380816459656,
  "score_std_non_member": 0.17010387778282166,
  "metrics": {
    "attack_accuracy": 0.8517690875232775,
    "attack_precision": 0.8554716981132076,
    "attack_recall": 0.9934268185801928,
    "attack_f1": 0.9193025141930252,
    "roc_auc": 0.5199881258658223,
    "tp": 2267.0,
    "tn": 20.0,
    "fp": 383.0,
    "fn": 15.0
  }
}