{
  "timestamp_utc": "2026-04-25T19:57:20.858312+00:00",
  "model_location": "mlp_differential_privacy/artifacts/local_dp/models/local/epsilon-24/early_shift/best_model.pt",
  "output_name": "private_train_federate_client_early_shift_model:epsilon-24",
  "attack_output": "mlp_attack/results/private_train_federate/client/early_shift_model/epsilon-24",
  "target_persona": "early_shift",
  "window_size": 1,
  "horizon": 1,
  "train_ratio": 0.7,
  "val_ratio": 0.15,
  "member_count": 2282,
  "non_member_count": 403,
  "threshold": 1.2355551719665527,
  "threshold_selection_accuracy": 0.8499068901303538,
  "score_mean_member": 0.12433797121047974,
  "score_mean_non_member": 0.15057127177715302,
  "score_std_member": 0.14813902974128723,
  "score_std_non_member": 0.17647165060043335,
  "metrics": {
    "attack_accuracy": 0.8499068901303538,
    "attack_precision": 0.8499068901303538,
    "attack_recall": 1.0,
    "attack_f1": 0.91886450573787,
    "roc_auc": 0.5218845077344978,
    "tp": 2282.0,
    "tn": 0.0,
    "fp": 403.0,
    "fn": 0.0
  }
}