{
  "timestamp_utc": "2026-04-25T19:57:20.602628+00:00",
  "model_location": "mlp_differential_privacy/artifacts/local_dp/models/local/epsilon-24/student/best_model.pt",
  "output_name": "private_train_federate_client_student_model:epsilon-24",
  "attack_output": "mlp_attack/results/private_train_federate/client/student_model/epsilon-24",
  "target_persona": "student",
  "window_size": 1,
  "horizon": 1,
  "train_ratio": 0.7,
  "val_ratio": 0.15,
  "member_count": 2282,
  "non_member_count": 403,
  "threshold": 0.7323046922683716,
  "threshold_selection_accuracy": 0.8506517690875233,
  "score_mean_member": 0.12506984174251556,
  "score_mean_non_member": 0.17310842871665955,
  "score_std_member": 0.1380309909582138,
  "score_std_non_member": 0.18057090044021606,
  "metrics": {
    "attack_accuracy": 0.8506517690875233,
    "attack_precision": 0.8518518518518519,
    "attack_recall": 0.9978089395267309,
    "attack_f1": 0.919071644803229,
    "roc_auc": 0.5641333730587639,
    "tp": 2277.0,
    "tn": 7.0,
    "fp": 396.0,
    "fn": 5.0
  }
}