{
  "timestamp_utc": "2026-04-25T19:55:37.994571+00:00",
  "model_location": "mlp_differential_privacy/artifacts/federated/epsilon-19/best_model_posthoc.pt",
  "output_name": "train_private_federate_server_output_model:epsilon-19",
  "attack_output": "mlp_attack/results/train_private_federate/server_output_model/epsilon-19",
  "target_persona": "commuter",
  "window_size": 1,
  "horizon": 1,
  "train_ratio": 0.7,
  "val_ratio": 0.15,
  "member_count": 2282,
  "non_member_count": 403,
  "threshold": 562.2830200195312,
  "threshold_selection_accuracy": 0.8499068901303538,
  "score_mean_member": 122.92695617675781,
  "score_mean_non_member": 171.30789184570312,
  "score_std_member": 76.7100601196289,
  "score_std_non_member": 69.2526626586914,
  "metrics": {
    "attack_accuracy": 0.8499068901303538,
    "attack_precision": 0.8499068901303538,
    "attack_recall": 1.0,
    "attack_f1": 0.91886450573787,
    "roc_auc": 0.6899209043479774,
    "tp": 2282.0,
    "tn": 0.0,
    "fp": 403.0,
    "fn": 0.0
  }
}