{
  "timestamp_utc": "2026-04-25T19:56:28.302998+00:00",
  "model_location": "mlp_differential_privacy/artifacts/local_dp/models/local/epsilon-11/hybrid/best_model.pt",
  "output_name": "private_train_federate_client_hybrid_model:epsilon-11",
  "attack_output": "mlp_attack/results/private_train_federate/client/hybrid_model/epsilon-11",
  "target_persona": "hybrid",
  "window_size": 1,
  "horizon": 1,
  "train_ratio": 0.7,
  "val_ratio": 0.15,
  "member_count": 2282,
  "non_member_count": 403,
  "threshold": 0.7370919585227966,
  "threshold_selection_accuracy": 0.8521415270018622,
  "score_mean_member": 0.16294968128204346,
  "score_mean_non_member": 0.2093825787305832,
  "score_std_member": 0.14826592803001404,
  "score_std_non_member": 0.20945115387439728,
  "metrics": {
    "attack_accuracy": 0.8521415270018622,
    "attack_precision": 0.8531285125515174,
    "attack_recall": 0.9978089395267309,
    "attack_f1": 0.9198141789537468,
    "roc_auc": 0.5309108069844266,
    "tp": 2277.0,
    "tn": 11.0,
    "fp": 392.0,
    "fn": 5.0
  }
}