{
  "timestamp_utc": "2026-04-25T19:56:27.149175+00:00",
  "model_location": "mlp_differential_privacy/artifacts/local_dp/models/local/epsilon-11/wfh/best_model.pt",
  "output_name": "private_train_federate_client_wfh_model:epsilon-11",
  "attack_output": "mlp_attack/results/private_train_federate/client/wfh_model/epsilon-11",
  "target_persona": "wfh",
  "window_size": 1,
  "horizon": 1,
  "train_ratio": 0.7,
  "val_ratio": 0.15,
  "member_count": 2282,
  "non_member_count": 403,
  "threshold": 0.733763575553894,
  "threshold_selection_accuracy": 0.8502793296089386,
  "score_mean_member": 0.14901234209537506,
  "score_mean_non_member": 0.1825033724308014,
  "score_std_member": 0.13763652741909027,
  "score_std_non_member": 0.1703300029039383,
  "metrics": {
    "attack_accuracy": 0.8502793296089386,
    "attack_precision": 0.851270553064275,
    "attack_recall": 0.9982471516213848,
    "attack_f1": 0.918918918918919,
    "roc_auc": 0.5461177453063462,
    "tp": 2278.0,
    "tn": 5.0,
    "fp": 398.0,
    "fn": 4.0
  }
}