{
  "timestamp_utc": "2026-04-25T19:55:38.824641+00:00",
  "model_location": "mlp_differential_privacy/artifacts/federated/epsilon-18/best_model_posthoc.pt",
  "output_name": "train_private_federate_server_output_model:epsilon-18",
  "attack_output": "mlp_attack/results/train_private_federate/server_output_model/epsilon-18",
  "target_persona": "commuter",
  "window_size": 1,
  "horizon": 1,
  "train_ratio": 0.7,
  "val_ratio": 0.15,
  "member_count": 2282,
  "non_member_count": 403,
  "threshold": 764.2169799804688,
  "threshold_selection_accuracy": 0.8499068901303538,
  "score_mean_member": 160.1986541748047,
  "score_mean_non_member": 221.3511505126953,
  "score_std_member": 101.04075622558594,
  "score_std_non_member": 90.54559326171875,
  "metrics": {
    "attack_accuracy": 0.8499068901303538,
    "attack_precision": 0.8499068901303538,
    "attack_recall": 1.0,
    "attack_f1": 0.91886450573787,
    "roc_auc": 0.6852071340494059,
    "tp": 2282.0,
    "tn": 0.0,
    "fp": 403.0,
    "fn": 0.0
  }
}