{
  "binary_accuracy": 0.9793787969538804,
  "binary_macro_f1": 0.662928054713653,
  "continuous_mae": 0.01744903065264225,
  "continuous_rmse": 0.024689897894859314
}