{
  "binary_accuracy": 0.9790365363224095,
  "binary_macro_f1": 0.6596416787451959,
  "continuous_mae": 0.01894538290798664,
  "continuous_rmse": 0.027112111449241638
}