{
  "timestamp_utc": "2026-04-25T19:56:18.844118+00:00",
  "model_location": "mlp_differential_privacy/artifacts/local_dp/models/local/epsilon-9/student/best_model.pt",
  "output_name": "private_train_federate_client_student_model:epsilon-9",
  "attack_output": "mlp_attack/results/private_train_federate/client/student_model/epsilon-9",
  "target_persona": "student",
  "window_size": 1,
  "horizon": 1,
  "train_ratio": 0.7,
  "val_ratio": 0.15,
  "member_count": 2282,
  "non_member_count": 403,
  "threshold": 0.7457964420318604,
  "threshold_selection_accuracy": 0.8506517690875233,
  "score_mean_member": 0.15273812413215637,
  "score_mean_non_member": 0.19885560870170593,
  "score_std_member": 0.1344558596611023,
  "score_std_non_member": 0.1759413480758667,
  "metrics": {
    "attack_accuracy": 0.8506517690875233,
    "attack_precision": 0.8518518518518519,
    "attack_recall": 0.9978089395267309,
    "attack_f1": 0.919071644803229,
    "roc_auc": 0.5670203534838405,
    "tp": 2277.0,
    "tn": 7.0,
    "fp": 396.0,
    "fn": 5.0
  }
}