{
  "timestamp_utc": "2026-04-25T19:56:11.606558+00:00",
  "model_location": "mlp_differential_privacy/artifacts/local_dp/models/local/epsilon-8/social/best_model.pt",
  "output_name": "private_train_federate_client_social_model:epsilon-8",
  "attack_output": "mlp_attack/results/private_train_federate/client/social_model/epsilon-8",
  "target_persona": "social",
  "window_size": 1,
  "horizon": 1,
  "train_ratio": 0.7,
  "val_ratio": 0.15,
  "member_count": 2282,
  "non_member_count": 403,
  "threshold": 0.7723304033279419,
  "threshold_selection_accuracy": 0.8506517690875233,
  "score_mean_member": 0.1519179493188858,
  "score_mean_non_member": 0.1839972883462906,
  "score_std_member": 0.1435098797082901,
  "score_std_non_member": 0.17946620285511017,
  "metrics": {
    "attack_accuracy": 0.8506517690875233,
    "attack_precision": 0.8521153126169974,
    "attack_recall": 0.9973707274320771,
    "attack_f1": 0.9190389662830607,
    "roc_auc": 0.5504128762589083,
    "tp": 2276.0,
    "tn": 8.0,
    "fp": 395.0,
    "fn": 6.0
  }
}