{
  "timestamp_utc": "2026-04-25T19:57:42.584958+00:00",
  "model_location": "mlp_differential_privacy/artifacts/local_dp/models/local/epsilon-29/traveler/best_model.pt",
  "output_name": "private_train_federate_client_traveler_model:epsilon-29",
  "attack_output": "mlp_attack/results/private_train_federate/client/traveler_model/epsilon-29",
  "target_persona": "traveler",
  "window_size": 1,
  "horizon": 1,
  "train_ratio": 0.7,
  "val_ratio": 0.15,
  "member_count": 2282,
  "non_member_count": 403,
  "threshold": 0.7008903622627258,
  "threshold_selection_accuracy": 0.8513966480446927,
  "score_mean_member": 0.1183580830693245,
  "score_mean_non_member": 0.15604832768440247,
  "score_std_member": 0.1305914670228958,
  "score_std_non_member": 0.17579296231269836,
  "metrics": {
    "attack_accuracy": 0.8513966480446927,
    "attack_precision": 0.8530183727034121,
    "attack_recall": 0.9969325153374233,
    "attack_f1": 0.9193776520509195,
    "roc_auc": 0.550356332762824,
    "tp": 2275.0,
    "tn": 11.0,
    "fp": 392.0,
    "fn": 7.0
  }
}