{
  "timestamp_utc": "2026-04-25T19:56:11.451536+00:00",
  "model_location": "mlp_differential_privacy/artifacts/local_dp/models/local/epsilon-7/social/best_model.pt",
  "output_name": "private_train_federate_client_social_model:epsilon-7",
  "attack_output": "mlp_attack/results/private_train_federate/client/social_model/epsilon-7",
  "target_persona": "social",
  "window_size": 1,
  "horizon": 1,
  "train_ratio": 0.7,
  "val_ratio": 0.15,
  "member_count": 2282,
  "non_member_count": 403,
  "threshold": 0.7299942374229431,
  "threshold_selection_accuracy": 0.8506517690875233,
  "score_mean_member": 0.1557784080505371,
  "score_mean_non_member": 0.18689832091331482,
  "score_std_member": 0.14288003742694855,
  "score_std_non_member": 0.17863968014717102,
  "metrics": {
    "attack_accuracy": 0.8506517690875233,
    "attack_precision": 0.8529080675422139,
    "attack_recall": 0.9960560911481157,
    "attack_f1": 0.9189407721851628,
    "roc_auc": 0.5478064385644041,
    "tp": 2273.0,
    "tn": 11.0,
    "fp": 392.0,
    "fn": 9.0
  }
}