{
  "timestamp_utc": "2026-04-25T19:56:55.181187+00:00",
  "model_location": "mlp_differential_privacy/artifacts/local_dp/models/local/epsilon-18/gig_driver/best_model.pt",
  "output_name": "private_train_federate_client_gig_driver_model:epsilon-18",
  "attack_output": "mlp_attack/results/private_train_federate/client/gig_driver_model/epsilon-18",
  "target_persona": "gig_driver",
  "window_size": 1,
  "horizon": 1,
  "train_ratio": 0.7,
  "val_ratio": 0.15,
  "member_count": 2282,
  "non_member_count": 403,
  "threshold": 0.839724063873291,
  "threshold_selection_accuracy": 0.8502793296089386,
  "score_mean_member": 0.12678101658821106,
  "score_mean_non_member": 0.14996790885925293,
  "score_std_member": 0.1302562654018402,
  "score_std_non_member": 0.15467078983783722,
  "metrics": {
    "attack_accuracy": 0.8502793296089386,
    "attack_precision": 0.8502235469448585,
    "attack_recall": 1.0,
    "attack_f1": 0.919049536850584,
    "roc_auc": 0.5264862784158253,
    "tp": 2282.0,
    "tn": 1.0,
    "fp": 402.0,
    "fn": 0.0
  }
}