{
  "timestamp_utc": "2026-04-25T19:55:38.447988+00:00",
  "model_location": "mlp_differential_privacy/artifacts/federated/epsilon-17/best_model_posthoc.pt",
  "output_name": "train_private_federate_server_output_model:epsilon-17",
  "attack_output": "mlp_attack/results/train_private_federate/server_output_model/epsilon-17",
  "target_persona": "commuter",
  "window_size": 1,
  "horizon": 1,
  "train_ratio": 0.7,
  "val_ratio": 0.15,
  "member_count": 2282,
  "non_member_count": 403,
  "threshold": 1057.3841552734375,
  "threshold_selection_accuracy": 0.8499068901303538,
  "score_mean_member": 212.83392333984375,
  "score_mean_non_member": 291.9231262207031,
  "score_std_member": 135.73712158203125,
  "score_std_non_member": 121.37924194335938,
  "metrics": {
    "attack_accuracy": 0.8499068901303538,
    "attack_precision": 0.8499068901303538,
    "attack_recall": 1.0,
    "attack_f1": 0.91886450573787,
    "roc_auc": 0.6809669155305411,
    "tp": 2282.0,
    "tn": 0.0,
    "fp": 403.0,
    "fn": 0.0
  }
}