{
  "timestamp_utc": "2026-04-25T19:56:47.423299+00:00",
  "model_location": "mlp_differential_privacy/artifacts/local_dp/models/local/epsilon-16/commuter/best_model.pt",
  "output_name": "private_train_federate_client_commuter_model:epsilon-16",
  "attack_output": "mlp_attack/results/private_train_federate/client/commuter_model/epsilon-16",
  "target_persona": "commuter",
  "window_size": 1,
  "horizon": 1,
  "train_ratio": 0.7,
  "val_ratio": 0.15,
  "member_count": 2282,
  "non_member_count": 403,
  "threshold": 0.9675894975662231,
  "threshold_selection_accuracy": 0.8502793296089386,
  "score_mean_member": 0.12727688252925873,
  "score_mean_non_member": 0.15912777185440063,
  "score_std_member": 0.1451006382703781,
  "score_std_non_member": 0.1807374358177185,
  "metrics": {
    "attack_accuracy": 0.8502793296089386,
    "attack_precision": 0.8502235469448585,
    "attack_recall": 1.0,
    "attack_f1": 0.919049536850584,
    "roc_auc": 0.542755582039176,
    "tp": 2282.0,
    "tn": 1.0,
    "fp": 402.0,
    "fn": 0.0
  }
}