{
  "timestamp_utc": "2026-04-25T19:55:54.500771+00:00",
  "model_location": "mlp_differential_privacy/artifacts/local_dp/models/local/epsilon-3/social/best_model.pt",
  "output_name": "private_train_federate_client_social_model:epsilon-3",
  "attack_output": "mlp_attack/results/private_train_federate/client/social_model/epsilon-3",
  "target_persona": "social",
  "window_size": 1,
  "horizon": 1,
  "train_ratio": 0.7,
  "val_ratio": 0.15,
  "member_count": 2282,
  "non_member_count": 403,
  "threshold": 0.7005002498626709,
  "threshold_selection_accuracy": 0.851024208566108,
  "score_mean_member": 0.19013507664203644,
  "score_mean_non_member": 0.2048613578081131,
  "score_std_member": 0.12629666924476624,
  "score_std_non_member": 0.15742456912994385,
  "metrics": {
    "attack_accuracy": 0.851024208566108,
    "attack_precision": 0.8524344569288389,
    "attack_recall": 0.9973707274320771,
    "attack_f1": 0.9192245557350565,
    "roc_auc": 0.5081694478092658,
    "tp": 2276.0,
    "tn": 9.0,
    "fp": 394.0,
    "fn": 6.0
  }
}