{
  "timestamp_utc": "2026-04-25T19:55:46.746015+00:00",
  "model_location": "mlp_differential_privacy/artifacts/local_dp/models/local/epsilon-2/social/best_model.pt",
  "output_name": "private_train_federate_client_social_model:epsilon-2",
  "attack_output": "mlp_attack/results/private_train_federate/client/social_model/epsilon-2",
  "target_persona": "social",
  "window_size": 1,
  "horizon": 1,
  "train_ratio": 0.7,
  "val_ratio": 0.15,
  "member_count": 2282,
  "non_member_count": 403,
  "threshold": 0.994499683380127,
  "threshold_selection_accuracy": 0.8499068901303538,
  "score_mean_member": 0.2291441112756729,
  "score_mean_non_member": 0.22209425270557404,
  "score_std_member": 0.10606460273265839,
  "score_std_non_member": 0.12664663791656494,
  "metrics": {
    "attack_accuracy": 0.8499068901303538,
    "attack_precision": 0.8499068901303538,
    "attack_recall": 1.0,
    "attack_f1": 0.91886450573787,
    "roc_auc": 0.4506690617911675,
    "tp": 2282.0,
    "tn": 0.0,
    "fp": 403.0,
    "fn": 0.0
  }
}