{
  "timestamp_utc": "2026-04-25T19:56:55.011494+00:00",
  "model_location": "mlp_differential_privacy/artifacts/local_dp/models/local/epsilon-17/commuter/best_model.pt",
  "output_name": "private_train_federate_client_commuter_model:epsilon-17",
  "attack_output": "mlp_attack/results/private_train_federate/client/commuter_model/epsilon-17",
  "target_persona": "commuter",
  "window_size": 1,
  "horizon": 1,
  "train_ratio": 0.7,
  "val_ratio": 0.15,
  "member_count": 2282,
  "non_member_count": 403,
  "threshold": 0.9672341346740723,
  "threshold_selection_accuracy": 0.8502793296089386,
  "score_mean_member": 0.12622860074043274,
  "score_mean_non_member": 0.1578713059425354,
  "score_std_member": 0.14477860927581787,
  "score_std_non_member": 0.18005473911762238,
  "metrics": {
    "attack_accuracy": 0.8502793296089386,
    "attack_precision": 0.8502235469448585,
    "attack_recall": 1.0,
    "attack_f1": 0.919049536850584,
    "roc_auc": 0.5430252510205014,
    "tp": 2282.0,
    "tn": 1.0,
    "fp": 402.0,
    "fn": 0.0
  }
}