{
  "timestamp_utc": "2026-04-25T19:57:34.584978+00:00",
  "model_location": "mlp_differential_privacy/artifacts/local_dp/models/local/epsilon-27/traveler/best_model.pt",
  "output_name": "private_train_federate_client_traveler_model:epsilon-27",
  "attack_output": "mlp_attack/results/private_train_federate/client/traveler_model/epsilon-27",
  "target_persona": "traveler",
  "window_size": 1,
  "horizon": 1,
  "train_ratio": 0.7,
  "val_ratio": 0.15,
  "member_count": 2282,
  "non_member_count": 403,
  "threshold": 0.7261134386062622,
  "threshold_selection_accuracy": 0.8517690875232775,
  "score_mean_member": 0.11969456821680069,
  "score_mean_non_member": 0.15762002766132355,
  "score_std_member": 0.13110147416591644,
  "score_std_non_member": 0.17726397514343262,
  "metrics": {
    "attack_accuracy": 0.8517690875232775,
    "attack_precision": 0.852808988764045,
    "attack_recall": 0.9978089395267309,
    "attack_f1": 0.9196284329563812,
    "roc_auc": 0.5492086085298038,
    "tp": 2277.0,
    "tn": 10.0,
    "fp": 393.0,
    "fn": 5.0
  }
}