{
  "timestamp_utc": "2026-04-25T19:57:58.406612+00:00",
  "model_location": "mlp_differential_privacy/artifacts/local_dp/models/federated/epsilon-19/federated_model.pt",
  "output_name": "private_train_federate_server_model:epsilon-19",
  "attack_output": "mlp_attack/results/private_train_federate/server/epsilon-19",
  "target_persona": "commuter",
  "window_size": 1,
  "horizon": 1,
  "train_ratio": 0.7,
  "val_ratio": 0.15,
  "member_count": 2282,
  "non_member_count": 403,
  "threshold": 0.9465714693069458,
  "threshold_selection_accuracy": 0.8499068901303538,
  "score_mean_member": 0.14706872403621674,
  "score_mean_non_member": 0.1781291365623474,
  "score_std_member": 0.1512286216020584,
  "score_std_non_member": 0.18664297461509705,
  "metrics": {
    "attack_accuracy": 0.8499068901303538,
    "attack_precision": 0.8499068901303538,
    "attack_recall": 1.0,
    "attack_f1": 0.91886450573787,
    "roc_auc": 0.5373165326658301,
    "tp": 2282.0,
    "tn": 0.0,
    "fp": 403.0,
    "fn": 0.0
  }
}