{
  "binary_accuracy": 0.9832377855737143,
  "binary_macro_f1": 0.6884783198036409,
  "continuous_mae": 0.016753217205405235,
  "continuous_rmse": 0.023790981620550156
}