{
  "timestamp_utc": "2026-04-25T19:56:38.036231+00:00",
  "model_location": "mlp_differential_privacy/artifacts/local_dp/models/local/epsilon-13/traveler/best_model.pt",
  "output_name": "private_train_federate_client_traveler_model:epsilon-13",
  "attack_output": "mlp_attack/results/private_train_federate/client/traveler_model/epsilon-13",
  "target_persona": "traveler",
  "window_size": 1,
  "horizon": 1,
  "train_ratio": 0.7,
  "val_ratio": 0.15,
  "member_count": 2282,
  "non_member_count": 403,
  "threshold": 0.7409179210662842,
  "threshold_selection_accuracy": 0.852513966480447,
  "score_mean_member": 0.13434450328350067,
  "score_mean_non_member": 0.17239797115325928,
  "score_std_member": 0.13719290494918823,
  "score_std_non_member": 0.19305747747421265,
  "metrics": {
    "attack_accuracy": 0.852513966480447,
    "attack_precision": 0.853448275862069,
    "attack_recall": 0.9978089395267309,
    "attack_f1": 0.9199999999999999,
    "roc_auc": 0.5283326410379646,
    "tp": 2277.0,
    "tn": 12.0,
    "fp": 391.0,
    "fn": 5.0
  }
}