{
  "timestamp_utc": "2026-04-25T19:56:01.983441+00:00",
  "model_location": "mlp_differential_privacy/artifacts/local_dp/models/local/epsilon-5/night_shift/best_model.pt",
  "output_name": "private_train_federate_client_night_shift_model:epsilon-5",
  "attack_output": "mlp_attack/results/private_train_federate/client/night_shift_model/epsilon-5",
  "target_persona": "night_shift",
  "window_size": 1,
  "horizon": 1,
  "train_ratio": 0.7,
  "val_ratio": 0.15,
  "member_count": 2282,
  "non_member_count": 403,
  "threshold": 0.9162375330924988,
  "threshold_selection_accuracy": 0.8502793296089386,
  "score_mean_member": 0.1701868176460266,
  "score_mean_non_member": 0.1972694844007492,
  "score_std_member": 0.1413780301809311,
  "score_std_non_member": 0.16733475029468536,
  "metrics": {
    "attack_accuracy": 0.8502793296089386,
    "attack_precision": 0.8504847129008203,
    "attack_recall": 0.9995617879053462,
    "attack_f1": 0.919016921837228,
    "roc_auc": 0.5488590174915131,
    "tp": 2281.0,
    "tn": 2.0,
    "fp": 401.0,
    "fn": 1.0
  }
}