{
  "timestamp_utc": "2026-04-25T19:55:53.099176+00:00",
  "model_location": "mlp_differential_privacy/artifacts/local_dp/models/local/epsilon-4/social/best_model.pt",
  "output_name": "private_train_federate_client_social_model:epsilon-4",
  "attack_output": "mlp_attack/results/private_train_federate/client/social_model/epsilon-4",
  "target_persona": "social",
  "window_size": 1,
  "horizon": 1,
  "train_ratio": 0.7,
  "val_ratio": 0.15,
  "member_count": 2282,
  "non_member_count": 403,
  "threshold": 0.7215863466262817,
  "threshold_selection_accuracy": 0.851024208566108,
  "score_mean_member": 0.17465715110301971,
  "score_mean_non_member": 0.19834578037261963,
  "score_std_member": 0.13535575568675995,
  "score_std_non_member": 0.16984118521213531,
  "metrics": {
    "attack_accuracy": 0.851024208566108,
    "attack_precision": 0.8526986506746627,
    "attack_recall": 0.9969325153374233,
    "attack_f1": 0.9191919191919192,
    "roc_auc": 0.5312370194618363,
    "tp": 2275.0,
    "tn": 10.0,
    "fp": 393.0,
    "fn": 7.0
  }
}