{
  "timestamp_utc": "2026-04-25T19:57:51.374004+00:00",
  "model_location": "mlp_differential_privacy/artifacts/local_dp/models/federated/epsilon-6/federated_model.pt",
  "output_name": "private_train_federate_server_model:epsilon-6",
  "attack_output": "mlp_attack/results/private_train_federate/server/epsilon-6",
  "target_persona": "commuter",
  "window_size": 1,
  "horizon": 1,
  "train_ratio": 0.7,
  "val_ratio": 0.15,
  "member_count": 2282,
  "non_member_count": 403,
  "threshold": 0.7121332883834839,
  "threshold_selection_accuracy": 0.8499068901303538,
  "score_mean_member": 0.17634768784046173,
  "score_mean_non_member": 0.20175325870513916,
  "score_std_member": 0.15207825601100922,
  "score_std_non_member": 0.19093655049800873,
  "metrics": {
    "attack_accuracy": 0.8499068901303538,
    "attack_precision": 0.8533283189168861,
    "attack_recall": 0.9943032427695004,
    "attack_f1": 0.9184375632463064,
    "roc_auc": 0.5124232585146893,
    "tp": 2269.0,
    "tn": 13.0,
    "fp": 390.0,
    "fn": 13.0
  }
}