{
  "timestamp_utc": "2026-04-25T19:57:26.522601+00:00",
  "model_location": "mlp_differential_privacy/artifacts/local_dp/models/local/epsilon-25/gig_driver/best_model.pt",
  "output_name": "private_train_federate_client_gig_driver_model:epsilon-25",
  "attack_output": "mlp_attack/results/private_train_federate/client/gig_driver_model/epsilon-25",
  "target_persona": "gig_driver",
  "window_size": 1,
  "horizon": 1,
  "train_ratio": 0.7,
  "val_ratio": 0.15,
  "member_count": 2282,
  "non_member_count": 403,
  "threshold": 0.8370708227157593,
  "threshold_selection_accuracy": 0.8502793296089386,
  "score_mean_member": 0.12218125909566879,
  "score_mean_non_member": 0.14470359683036804,
  "score_std_member": 0.1300731897354126,
  "score_std_non_member": 0.15287061035633087,
  "metrics": {
    "attack_accuracy": 0.8502793296089386,
    "attack_precision": 0.8502235469448585,
    "attack_recall": 1.0,
    "attack_f1": 0.919049536850584,
    "roc_auc": 0.5282206414207206,
    "tp": 2282.0,
    "tn": 1.0,
    "fp": 402.0,
    "fn": 0.0
  }
}