{
  "timestamp_utc": "2026-04-25T19:55:45.715207+00:00",
  "model_location": "mlp_differential_privacy/artifacts/local_dp/models/local/epsilon-2/gig_driver/best_model.pt",
  "output_name": "private_train_federate_client_gig_driver_model:epsilon-2",
  "attack_output": "mlp_attack/results/private_train_federate/client/gig_driver_model/epsilon-2",
  "target_persona": "gig_driver",
  "window_size": 1,
  "horizon": 1,
  "train_ratio": 0.7,
  "val_ratio": 0.15,
  "member_count": 2282,
  "non_member_count": 403,
  "threshold": 0.6655310392379761,
  "threshold_selection_accuracy": 0.8499068901303538,
  "score_mean_member": 0.22286869585514069,
  "score_mean_non_member": 0.21870680153369904,
  "score_std_member": 0.10203353315591812,
  "score_std_non_member": 0.11673004925251007,
  "metrics": {
    "attack_accuracy": 0.8499068901303538,
    "attack_precision": 0.8501677226984719,
    "attack_recall": 0.9995617879053462,
    "attack_f1": 0.9188318227593152,
    "roc_auc": 0.4743983010854177,
    "tp": 2281.0,
    "tn": 1.0,
    "fp": 402.0,
    "fn": 1.0
  }
}