{
  "timestamp_utc": "2026-04-25T19:57:35.443779+00:00",
  "model_location": "mlp_differential_privacy/artifacts/local_dp/models/local/epsilon-27/commuter/best_model.pt",
  "output_name": "private_train_federate_client_commuter_model:epsilon-27",
  "attack_output": "mlp_attack/results/private_train_federate/client/commuter_model/epsilon-27",
  "target_persona": "commuter",
  "window_size": 1,
  "horizon": 1,
  "train_ratio": 0.7,
  "val_ratio": 0.15,
  "member_count": 2282,
  "non_member_count": 403,
  "threshold": 0.9193074703216553,
  "threshold_selection_accuracy": 0.8499068901303538,
  "score_mean_member": 0.11920920014381409,
  "score_mean_non_member": 0.15027466416358948,
  "score_std_member": 0.14245112240314484,
  "score_std_non_member": 0.17557242512702942,
  "metrics": {
    "attack_accuracy": 0.8499068901303538,
    "attack_precision": 0.8501677226984719,
    "attack_recall": 0.9995617879053462,
    "attack_f1": 0.9188318227593152,
    "roc_auc": 0.5475530802069493,
    "tp": 2281.0,
    "tn": 1.0,
    "fp": 402.0,
    "fn": 1.0
  }
}