{
  "timestamp_utc": "2026-04-25T19:56:55.680400+00:00",
  "model_location": "mlp_differential_privacy/artifacts/local_dp/models/local/epsilon-18/retiree/best_model.pt",
  "output_name": "private_train_federate_client_retiree_model:epsilon-18",
  "attack_output": "mlp_attack/results/private_train_federate/client/retiree_model/epsilon-18",
  "target_persona": "retiree",
  "window_size": 1,
  "horizon": 1,
  "train_ratio": 0.7,
  "val_ratio": 0.15,
  "member_count": 2282,
  "non_member_count": 403,
  "threshold": 0.6684195399284363,
  "threshold_selection_accuracy": 0.8521415270018622,
  "score_mean_member": 0.12746703624725342,
  "score_mean_non_member": 0.14629288017749786,
  "score_std_member": 0.14340855181217194,
  "score_std_non_member": 0.17051613330841064,
  "metrics": {
    "attack_accuracy": 0.8521415270018622,
    "attack_precision": 0.852864095844253,
    "attack_recall": 0.9982471516213848,
    "attack_f1": 0.9198465576418332,
    "roc_auc": 0.5196716997627349,
    "tp": 2278.0,
    "tn": 10.0,
    "fp": 393.0,
    "fn": 4.0
  }
}