{
  "timestamp_utc": "2026-04-25T19:57:20.198454+00:00",
  "model_location": "mlp_differential_privacy/artifacts/local_dp/models/local/epsilon-24/hybrid/best_model.pt",
  "output_name": "private_train_federate_client_hybrid_model:epsilon-24",
  "attack_output": "mlp_attack/results/private_train_federate/client/hybrid_model/epsilon-24",
  "target_persona": "hybrid",
  "window_size": 1,
  "horizon": 1,
  "train_ratio": 0.7,
  "val_ratio": 0.15,
  "member_count": 2282,
  "non_member_count": 403,
  "threshold": 0.7795109748840332,
  "threshold_selection_accuracy": 0.8517690875232775,
  "score_mean_member": 0.1475422978401184,
  "score_mean_non_member": 0.192178875207901,
  "score_std_member": 0.14506736397743225,
  "score_std_non_member": 0.202079638838768,
  "metrics": {
    "attack_accuracy": 0.8517690875232775,
    "attack_precision": 0.8517550410754294,
    "attack_recall": 0.9995617879053462,
    "attack_f1": 0.919758064516129,
    "roc_auc": 0.5337129721653766,
    "tp": 2281.0,
    "tn": 6.0,
    "fp": 397.0,
    "fn": 1.0
  }
}