{
  "timestamp_utc": "2026-04-25T19:57:11.465195+00:00",
  "model_location": "mlp_differential_privacy/artifacts/local_dp/models/local/epsilon-22/commuter/best_model.pt",
  "output_name": "private_train_federate_client_commuter_model:epsilon-22",
  "attack_output": "mlp_attack/results/private_train_federate/client/commuter_model/epsilon-22",
  "target_persona": "commuter",
  "window_size": 1,
  "horizon": 1,
  "train_ratio": 0.7,
  "val_ratio": 0.15,
  "member_count": 2282,
  "non_member_count": 403,
  "threshold": 0.9644151926040649,
  "threshold_selection_accuracy": 0.8502793296089386,
  "score_mean_member": 0.12214813381433487,
  "score_mean_non_member": 0.15333786606788635,
  "score_std_member": 0.14346511662006378,
  "score_std_non_member": 0.17746081948280334,
  "metrics": {
    "attack_accuracy": 0.8502793296089386,
    "attack_precision": 0.8502235469448585,
    "attack_recall": 1.0,
    "attack_f1": 0.919049536850584,
    "roc_auc": 0.5455414365962555,
    "tp": 2282.0,
    "tn": 1.0,
    "fp": 402.0,
    "fn": 0.0
  }
}