{
  "binary_accuracy": 0.9515102250363652,
  "binary_macro_f1": 0.09468591885741343,
  "continuous_mae": 0.04158587008714676,
  "continuous_rmse": 0.07124845683574677
}