{
  "timestamp_utc": "2026-04-25T19:55:39.678628+00:00",
  "model_location": "mlp_differential_privacy/artifacts/federated/epsilon-12/best_model_posthoc.pt",
  "output_name": "train_private_federate_server_output_model:epsilon-12",
  "attack_output": "mlp_attack/results/train_private_federate/server_output_model/epsilon-12",
  "target_persona": "commuter",
  "window_size": 1,
  "horizon": 1,
  "train_ratio": 0.7,
  "val_ratio": 0.15,
  "member_count": 2282,
  "non_member_count": 403,
  "threshold": 7766.70263671875,
  "threshold_selection_accuracy": 0.8499068901303538,
  "score_mean_member": 1299.4847412109375,
  "score_mean_non_member": 1759.1727294921875,
  "score_std_member": 876.3722534179688,
  "score_std_non_member": 785.0257568359375,
  "metrics": {
    "attack_accuracy": 0.8499068901303538,
    "attack_precision": 0.8499068901303538,
    "attack_recall": 1.0,
    "attack_f1": 0.91886450573787,
    "roc_auc": 0.6743225110531661,
    "tp": 2282.0,
    "tn": 0.0,
    "fp": 403.0,
    "fn": 0.0
  }
}