{
  "timestamp_utc": "2026-04-25T19:55:28.032557+00:00",
  "model_location": "mlp_train/artifacts/train_yourself/social/best_model.pt",
  "output_name": "train_and_federate_client_social_model",
  "attack_output": "mlp_attack/results/train_and_federate/client_social_model",
  "target_persona": "social",
  "window_size": 1,
  "horizon": 1,
  "train_ratio": 0.7,
  "val_ratio": 0.15,
  "member_count": 2282,
  "non_member_count": 403,
  "threshold": 0.7258589267730713,
  "threshold_selection_accuracy": 0.8499068901303538,
  "score_mean_member": 0.05343665927648544,
  "score_mean_non_member": 0.07523990422487259,
  "score_std_member": 0.08591774851083755,
  "score_std_non_member": 0.1170802190899849,
  "metrics": {
    "attack_accuracy": 0.8499068901303538,
    "attack_precision": 0.8501677226984719,
    "attack_recall": 0.9995617879053462,
    "attack_f1": 0.9188318227593152,
    "roc_auc": 0.5714296588034962,
    "tp": 2281.0,
    "tn": 1.0,
    "fp": 402.0,
    "fn": 1.0
  }
}