{
  "timestamp_utc": "2026-04-25T19:55:46.844365+00:00",
  "model_location": "mlp_differential_privacy/artifacts/federated/epsilon-29/best_model_posthoc.pt",
  "output_name": "train_private_federate_server_output_model:epsilon-29",
  "attack_output": "mlp_attack/results/train_private_federate/server_output_model/epsilon-29",
  "target_persona": "commuter",
  "window_size": 1,
  "horizon": 1,
  "train_ratio": 0.7,
  "val_ratio": 0.15,
  "member_count": 2282,
  "non_member_count": 403,
  "threshold": 54.640357971191406,
  "threshold_selection_accuracy": 0.8502793296089386,
  "score_mean_member": 18.290348052978516,
  "score_mean_non_member": 28.2852725982666,
  "score_std_member": 10.792905807495117,
  "score_std_non_member": 11.144370079040527,
  "metrics": {
    "attack_accuracy": 0.8502793296089386,
    "attack_precision": 0.8502235469448585,
    "attack_recall": 1.0,
    "attack_f1": 0.919049536850584,
    "roc_auc": 0.7462936825691625,
    "tp": 2282.0,
    "tn": 1.0,
    "fp": 402.0,
    "fn": 0.0
  }
}