{
  "timestamp_utc": "2026-04-25T19:55:55.304576+00:00",
  "model_location": "mlp_differential_privacy/artifacts/local_dp/models/local/epsilon-4/retiree/best_model.pt",
  "output_name": "private_train_federate_client_retiree_model:epsilon-4",
  "attack_output": "mlp_attack/results/private_train_federate/client/retiree_model/epsilon-4",
  "target_persona": "retiree",
  "window_size": 1,
  "horizon": 1,
  "train_ratio": 0.7,
  "val_ratio": 0.15,
  "member_count": 2282,
  "non_member_count": 403,
  "threshold": 0.6643695831298828,
  "threshold_selection_accuracy": 0.851024208566108,
  "score_mean_member": 0.1722128540277481,
  "score_mean_non_member": 0.1792912632226944,
  "score_std_member": 0.1333972066640854,
  "score_std_non_member": 0.15482893586158752,
  "metrics": {
    "attack_accuracy": 0.851024208566108,
    "attack_precision": 0.8519072550486163,
    "attack_recall": 0.9982471516213848,
    "attack_f1": 0.9192897497982244,
    "roc_auc": 0.4836034735104595,
    "tp": 2278.0,
    "tn": 7.0,
    "fp": 396.0,
    "fn": 4.0
  }
}