{
  "timestamp_utc": "2026-04-25T19:56:10.825086+00:00",
  "model_location": "mlp_differential_privacy/artifacts/local_dp/models/local/epsilon-6/traveler/best_model.pt",
  "output_name": "private_train_federate_client_traveler_model:epsilon-6",
  "attack_output": "mlp_attack/results/private_train_federate/client/traveler_model/epsilon-6",
  "target_persona": "traveler",
  "window_size": 1,
  "horizon": 1,
  "train_ratio": 0.7,
  "val_ratio": 0.15,
  "member_count": 2282,
  "non_member_count": 403,
  "threshold": 0.7621244192123413,
  "threshold_selection_accuracy": 0.8528864059590316,
  "score_mean_member": 0.15183091163635254,
  "score_mean_non_member": 0.19209103286266327,
  "score_std_member": 0.1407182365655899,
  "score_std_non_member": 0.20226839184761047,
  "metrics": {
    "attack_accuracy": 0.8528864059590316,
    "attack_precision": 0.8537682789651294,
    "attack_recall": 0.9978089395267309,
    "attack_f1": 0.9201858961406345,
    "roc_auc": 0.516279089997673,
    "tp": 2277.0,
    "tn": 13.0,
    "fp": 390.0,
    "fn": 5.0
  }
}