{
  "timestamp_utc": "2026-04-25T19:57:04.725363+00:00",
  "model_location": "mlp_differential_privacy/artifacts/local_dp/models/local/epsilon-20/night_shift/best_model.pt",
  "output_name": "private_train_federate_client_night_shift_model:epsilon-20",
  "attack_output": "mlp_attack/results/private_train_federate/client/night_shift_model/epsilon-20",
  "target_persona": "night_shift",
  "window_size": 1,
  "horizon": 1,
  "train_ratio": 0.7,
  "val_ratio": 0.15,
  "member_count": 2282,
  "non_member_count": 403,
  "threshold": 0.7098583579063416,
  "threshold_selection_accuracy": 0.8499068901303538,
  "score_mean_member": 0.12677785754203796,
  "score_mean_non_member": 0.15360930562019348,
  "score_std_member": 0.13618074357509613,
  "score_std_non_member": 0.15666304528713226,
  "metrics": {
    "attack_accuracy": 0.8499068901303538,
    "attack_precision": 0.851214953271028,
    "attack_recall": 0.9978089395267309,
    "attack_f1": 0.9187008271131732,
    "roc_auc": 0.5737925245148676,
    "tp": 2277.0,
    "tn": 5.0,
    "fp": 398.0,
    "fn": 5.0
  }
}