{
  "timestamp_utc": "2026-04-25T19:57:43.878599+00:00",
  "model_location": "mlp_differential_privacy/artifacts/local_dp/models/local/epsilon-30/retiree/best_model.pt",
  "output_name": "private_train_federate_client_retiree_model:epsilon-30",
  "attack_output": "mlp_attack/results/private_train_federate/client/retiree_model/epsilon-30",
  "target_persona": "retiree",
  "window_size": 1,
  "horizon": 1,
  "train_ratio": 0.7,
  "val_ratio": 0.15,
  "member_count": 2282,
  "non_member_count": 403,
  "threshold": 0.6449401378631592,
  "threshold_selection_accuracy": 0.8521415270018622,
  "score_mean_member": 0.12079256027936935,
  "score_mean_non_member": 0.1359395682811737,
  "score_std_member": 0.1415027230978012,
  "score_std_non_member": 0.1679399311542511,
  "metrics": {
    "attack_accuracy": 0.8521415270018622,
    "attack_precision": 0.8531285125515174,
    "attack_recall": 0.9978089395267309,
    "attack_f1": 0.9198141789537468,
    "roc_auc": 0.5125363455068581,
    "tp": 2277.0,
    "tn": 11.0,
    "fp": 392.0,
    "fn": 5.0
  }
}