{
  "timestamp_utc": "2026-04-25T19:57:51.504119+00:00",
  "model_location": "mlp_differential_privacy/artifacts/local_dp/models/federated/epsilon-17/federated_model.pt",
  "output_name": "private_train_federate_server_model:epsilon-17",
  "attack_output": "mlp_attack/results/private_train_federate/server/epsilon-17",
  "target_persona": "commuter",
  "window_size": 1,
  "horizon": 1,
  "train_ratio": 0.7,
  "val_ratio": 0.15,
  "member_count": 2282,
  "non_member_count": 403,
  "threshold": 0.7159554958343506,
  "threshold_selection_accuracy": 0.8499068901303538,
  "score_mean_member": 0.15076005458831787,
  "score_mean_non_member": 0.181330144405365,
  "score_std_member": 0.15195345878601074,
  "score_std_non_member": 0.1888720542192459,
  "metrics": {
    "attack_accuracy": 0.8499068901303538,
    "attack_precision": 0.8530627583615182,
    "attack_recall": 0.9947414548641542,
    "attack_f1": 0.9184705644345539,
    "roc_auc": 0.5321743366469271,
    "tp": 2270.0,
    "tn": 12.0,
    "fp": 391.0,
    "fn": 12.0
  }
}