{
  "binary_accuracy": 0.9863951398990332,
  "binary_macro_f1": 0.7618029508919097,
  "continuous_mae": 0.016094539314508438,
  "continuous_rmse": 0.02315356768667698
}