{
  "binary_accuracy": 0.9856250534782237,
  "binary_macro_f1": 0.7452270546752412,
  "continuous_mae": 0.018633605912327766,
  "continuous_rmse": 0.025753825902938843
}