{
  "timestamp_utc": "2026-04-25T19:56:54.303307+00:00",
  "model_location": "mlp_differential_privacy/artifacts/local_dp/models/local/epsilon-17/social/best_model.pt",
  "output_name": "private_train_federate_client_social_model:epsilon-17",
  "attack_output": "mlp_attack/results/private_train_federate/client/social_model/epsilon-17",
  "target_persona": "social",
  "window_size": 1,
  "horizon": 1,
  "train_ratio": 0.7,
  "val_ratio": 0.15,
  "member_count": 2282,
  "non_member_count": 403,
  "threshold": 0.8247431516647339,
  "threshold_selection_accuracy": 0.8506517690875233,
  "score_mean_member": 0.13254272937774658,
  "score_mean_non_member": 0.16720961034297943,
  "score_std_member": 0.14110395312309265,
  "score_std_non_member": 0.17683809995651245,
  "metrics": {
    "attack_accuracy": 0.8506517690875233,
    "attack_precision": 0.8518518518518519,
    "attack_recall": 0.9978089395267309,
    "attack_f1": 0.919071644803229,
    "roc_auc": 0.5612703148820307,
    "tp": 2277.0,
    "tn": 7.0,
    "fp": 396.0,
    "fn": 5.0
  }
}