{
  "binary_accuracy": 0.9899033113716095,
  "binary_macro_f1": 0.786494206649381,
  "continuous_mae": 0.015380281955003738,
  "continuous_rmse": 0.02147003822028637
}