{
  "binary_accuracy": 0.9890476597929323,
  "binary_macro_f1": 0.7803940781460382,
  "continuous_mae": 0.018249571323394775,
  "continuous_rmse": 0.02520827390253544
}