{
  "timestamp_utc": "2026-04-25T19:57:52.113048+00:00",
  "model_location": "mlp_differential_privacy/artifacts/local_dp/models/federated/epsilon-8/federated_model.pt",
  "output_name": "private_train_federate_server_model:epsilon-8",
  "attack_output": "mlp_attack/results/private_train_federate/server/epsilon-8",
  "target_persona": "commuter",
  "window_size": 1,
  "horizon": 1,
  "train_ratio": 0.7,
  "val_ratio": 0.15,
  "member_count": 2282,
  "non_member_count": 403,
  "threshold": 0.7373172044754028,
  "threshold_selection_accuracy": 0.8502793296089386,
  "score_mean_member": 0.1674828678369522,
  "score_mean_non_member": 0.19494867324829102,
  "score_std_member": 0.1534923017024994,
  "score_std_non_member": 0.1922287940979004,
  "metrics": {
    "attack_accuracy": 0.8502793296089386,
    "attack_precision": 0.8528528528528528,
    "attack_recall": 0.9956178790534619,
    "attack_f1": 0.9187221997573797,
    "roc_auc": 0.5183711993527944,
    "tp": 2272.0,
    "tn": 11.0,
    "fp": 392.0,
    "fn": 10.0
  }
}