{
  "timestamp_utc": "2026-04-25T19:57:58.319207+00:00",
  "model_location": "mlp_differential_privacy/artifacts/local_dp/models/federated/epsilon-22/federated_model.pt",
  "output_name": "private_train_federate_server_model:epsilon-22",
  "attack_output": "mlp_attack/results/private_train_federate/server/epsilon-22",
  "target_persona": "commuter",
  "window_size": 1,
  "horizon": 1,
  "train_ratio": 0.7,
  "val_ratio": 0.15,
  "member_count": 2282,
  "non_member_count": 403,
  "threshold": 0.9437886476516724,
  "threshold_selection_accuracy": 0.8499068901303538,
  "score_mean_member": 0.14464282989501953,
  "score_mean_non_member": 0.1748676598072052,
  "score_std_member": 0.15060590207576752,
  "score_std_non_member": 0.18512965738773346,
  "metrics": {
    "attack_accuracy": 0.8499068901303538,
    "attack_precision": 0.8499068901303538,
    "attack_recall": 1.0,
    "attack_f1": 0.91886450573787,
    "roc_auc": 0.5368283013246402,
    "tp": 2282.0,
    "tn": 0.0,
    "fp": 403.0,
    "fn": 0.0
  }
}