{
  "timestamp_utc": "2026-04-25T19:57:35.449153+00:00",
  "model_location": "mlp_differential_privacy/artifacts/local_dp/models/local/epsilon-27/gig_driver/best_model.pt",
  "output_name": "private_train_federate_client_gig_driver_model:epsilon-27",
  "attack_output": "mlp_attack/results/private_train_federate/client/gig_driver_model/epsilon-27",
  "target_persona": "gig_driver",
  "window_size": 1,
  "horizon": 1,
  "train_ratio": 0.7,
  "val_ratio": 0.15,
  "member_count": 2282,
  "non_member_count": 403,
  "threshold": 0.8362849354743958,
  "threshold_selection_accuracy": 0.8502793296089386,
  "score_mean_member": 0.12128133326768875,
  "score_mean_non_member": 0.14363759756088257,
  "score_std_member": 0.13001692295074463,
  "score_std_non_member": 0.15244311094284058,
  "metrics": {
    "attack_accuracy": 0.8502793296089386,
    "attack_precision": 0.8502235469448585,
    "attack_recall": 1.0,
    "attack_f1": 0.919049536850584,
    "roc_auc": 0.528547941273055,
    "tp": 2282.0,
    "tn": 1.0,
    "fp": 402.0,
    "fn": 0.0
  }
}