{
  "timestamp_utc": "2026-04-25T19:57:52.454433+00:00",
  "model_location": "mlp_differential_privacy/artifacts/local_dp/models/local/epsilon-30/traveler/best_model.pt",
  "output_name": "private_train_federate_client_traveler_model:epsilon-30",
  "attack_output": "mlp_attack/results/private_train_federate/client/traveler_model/epsilon-30",
  "target_persona": "traveler",
  "window_size": 1,
  "horizon": 1,
  "train_ratio": 0.7,
  "val_ratio": 0.15,
  "member_count": 2282,
  "non_member_count": 403,
  "threshold": 0.6979598999023438,
  "threshold_selection_accuracy": 0.8513966480446927,
  "score_mean_member": 0.11770150810480118,
  "score_mean_non_member": 0.1552419811487198,
  "score_std_member": 0.13032756745815277,
  "score_std_non_member": 0.17505156993865967,
  "metrics": {
    "attack_accuracy": 0.8513966480446927,
    "attack_precision": 0.8530183727034121,
    "attack_recall": 0.9969325153374233,
    "attack_f1": 0.9193776520509195,
    "roc_auc": 0.5508641368526586,
    "tp": 2275.0,
    "tn": 11.0,
    "fp": 392.0,
    "fn": 7.0
  }
}