{
  "timestamp_utc": "2026-04-25T19:57:58.355881+00:00",
  "model_location": "mlp_differential_privacy/artifacts/local_dp/models/federated/epsilon-24/federated_model.pt",
  "output_name": "private_train_federate_server_model:epsilon-24",
  "attack_output": "mlp_attack/results/private_train_federate/server/epsilon-24",
  "target_persona": "commuter",
  "window_size": 1,
  "horizon": 1,
  "train_ratio": 0.7,
  "val_ratio": 0.15,
  "member_count": 2282,
  "non_member_count": 403,
  "threshold": 0.9417061805725098,
  "threshold_selection_accuracy": 0.8499068901303538,
  "score_mean_member": 0.1432630717754364,
  "score_mean_non_member": 0.173263818025589,
  "score_std_member": 0.15022751688957214,
  "score_std_non_member": 0.18418781459331512,
  "metrics": {
    "attack_accuracy": 0.8499068901303538,
    "attack_precision": 0.8499068901303538,
    "attack_recall": 1.0,
    "attack_f1": 0.91886450573787,
    "roc_auc": 0.5374774641546856,
    "tp": 2282.0,
    "tn": 0.0,
    "fp": 403.0,
    "fn": 0.0
  }
}