{
  "timestamp_utc": "2026-04-25T19:57:11.618275+00:00",
  "model_location": "mlp_differential_privacy/artifacts/local_dp/models/local/epsilon-21/traveler/best_model.pt",
  "output_name": "private_train_federate_client_traveler_model:epsilon-21",
  "attack_output": "mlp_attack/results/private_train_federate/client/traveler_model/epsilon-21",
  "target_persona": "traveler",
  "window_size": 1,
  "horizon": 1,
  "train_ratio": 0.7,
  "val_ratio": 0.15,
  "member_count": 2282,
  "non_member_count": 403,
  "threshold": 0.7348598837852478,
  "threshold_selection_accuracy": 0.8521415270018622,
  "score_mean_member": 0.12463274598121643,
  "score_mean_non_member": 0.1637510061264038,
  "score_std_member": 0.13301460444927216,
  "score_std_non_member": 0.1826687455177307,
  "metrics": {
    "attack_accuracy": 0.8521415270018622,
    "attack_precision": 0.8531285125515174,
    "attack_recall": 0.9978089395267309,
    "attack_f1": 0.9198141789537468,
    "roc_auc": 0.5461558034287106,
    "tp": 2277.0,
    "tn": 11.0,
    "fp": 392.0,
    "fn": 5.0
  }
}