{
  "timestamp_utc": "2026-04-25T19:57:44.257248+00:00",
  "model_location": "mlp_differential_privacy/artifacts/local_dp/models/local/epsilon-30/commuter/best_model.pt",
  "output_name": "private_train_federate_client_commuter_model:epsilon-30",
  "attack_output": "mlp_attack/results/private_train_federate/client/commuter_model/epsilon-30",
  "target_persona": "commuter",
  "window_size": 1,
  "horizon": 1,
  "train_ratio": 0.7,
  "val_ratio": 0.15,
  "member_count": 2282,
  "non_member_count": 403,
  "threshold": 0.9186766147613525,
  "threshold_selection_accuracy": 0.8499068901303538,
  "score_mean_member": 0.1177770271897316,
  "score_mean_non_member": 0.14882804453372955,
  "score_std_member": 0.14191725850105286,
  "score_std_non_member": 0.17467541992664337,
  "metrics": {
    "attack_accuracy": 0.8499068901303538,
    "attack_precision": 0.8501677226984719,
    "attack_recall": 0.9995617879053462,
    "attack_f1": 0.9188318227593152,
    "roc_auc": 0.5482870582811212,
    "tp": 2281.0,
    "tn": 1.0,
    "fp": 402.0,
    "fn": 1.0
  }
}