{
  "timestamp_utc": "2026-04-25T19:57:51.398853+00:00",
  "model_location": "mlp_differential_privacy/artifacts/local_dp/models/federated/epsilon-1/federated_model.pt",
  "output_name": "private_train_federate_server_model:epsilon-1",
  "attack_output": "mlp_attack/results/private_train_federate/server/epsilon-1",
  "target_persona": "commuter",
  "window_size": 1,
  "horizon": 1,
  "train_ratio": 0.7,
  "val_ratio": 0.15,
  "member_count": 2282,
  "non_member_count": 403,
  "threshold": 0.8016858100891113,
  "threshold_selection_accuracy": 0.8499068901303538,
  "score_mean_member": 0.41587233543395996,
  "score_mean_non_member": 0.3755775988101959,
  "score_std_member": 0.09425918757915497,
  "score_std_non_member": 0.10126261413097382,
  "metrics": {
    "attack_accuracy": 0.8499068901303538,
    "attack_precision": 0.8499068901303538,
    "attack_recall": 1.0,
    "attack_f1": 0.91886450573787,
    "roc_auc": 0.3781802998110142,
    "tp": 2282.0,
    "tn": 0.0,
    "fp": 403.0,
    "fn": 0.0
  }
}