{
  "timestamp_utc": "2026-04-25T19:57:21.051757+00:00",
  "model_location": "mlp_differential_privacy/artifacts/local_dp/models/local/epsilon-23/student/best_model.pt",
  "output_name": "private_train_federate_client_student_model:epsilon-23",
  "attack_output": "mlp_attack/results/private_train_federate/client/student_model/epsilon-23",
  "target_persona": "student",
  "window_size": 1,
  "horizon": 1,
  "train_ratio": 0.7,
  "val_ratio": 0.15,
  "member_count": 2282,
  "non_member_count": 403,
  "threshold": 0.7336124181747437,
  "threshold_selection_accuracy": 0.8506517690875233,
  "score_mean_member": 0.12591910362243652,
  "score_mean_non_member": 0.1741221845149994,
  "score_std_member": 0.13802120089530945,
  "score_std_non_member": 0.18073450028896332,
  "metrics": {
    "attack_accuracy": 0.8506517690875233,
    "attack_precision": 0.8518518518518519,
    "attack_recall": 0.9978089395267309,
    "attack_f1": 0.919071644803229,
    "roc_auc": 0.5646009442763846,
    "tp": 2277.0,
    "tn": 7.0,
    "fp": 396.0,
    "fn": 5.0
  }
}