{
  "timestamp_utc": "2026-04-25T19:56:27.252102+00:00",
  "model_location": "mlp_differential_privacy/artifacts/local_dp/models/local/epsilon-10/wfh/best_model.pt",
  "output_name": "private_train_federate_client_wfh_model:epsilon-10",
  "attack_output": "mlp_attack/results/private_train_federate/client/wfh_model/epsilon-10",
  "target_persona": "wfh",
  "window_size": 1,
  "horizon": 1,
  "train_ratio": 0.7,
  "val_ratio": 0.15,
  "member_count": 2282,
  "non_member_count": 403,
  "threshold": 0.7052246332168579,
  "threshold_selection_accuracy": 0.8502793296089386,
  "score_mean_member": 0.1515122354030609,
  "score_mean_non_member": 0.18519243597984314,
  "score_std_member": 0.13789613544940948,
  "score_std_non_member": 0.17097431421279907,
  "metrics": {
    "attack_accuracy": 0.8502793296089386,
    "attack_precision": 0.8517964071856288,
    "attack_recall": 0.9973707274320771,
    "attack_f1": 0.9188534517561566,
    "roc_auc": 0.5455479608458037,
    "tp": 2276.0,
    "tn": 7.0,
    "fp": 396.0,
    "fn": 6.0
  }
}