{
  "timestamp_utc": "2026-04-25T19:56:19.270571+00:00",
  "model_location": "mlp_differential_privacy/artifacts/local_dp/models/local/epsilon-10/hybrid/best_model.pt",
  "output_name": "private_train_federate_client_hybrid_model:epsilon-10",
  "attack_output": "mlp_attack/results/private_train_federate/client/hybrid_model/epsilon-10",
  "target_persona": "hybrid",
  "window_size": 1,
  "horizon": 1,
  "train_ratio": 0.7,
  "val_ratio": 0.15,
  "member_count": 2282,
  "non_member_count": 403,
  "threshold": 0.7369920015335083,
  "threshold_selection_accuracy": 0.8521415270018622,
  "score_mean_member": 0.16544346511363983,
  "score_mean_non_member": 0.21191684901714325,
  "score_std_member": 0.1486855000257492,
  "score_std_non_member": 0.21016061305999756,
  "metrics": {
    "attack_accuracy": 0.8521415270018622,
    "attack_precision": 0.8531285125515174,
    "attack_recall": 0.9978089395267309,
    "attack_f1": 0.9198141789537468,
    "roc_auc": 0.5303638573973029,
    "tp": 2277.0,
    "tn": 11.0,
    "fp": 392.0,
    "fn": 5.0
  }
}