{
  "timestamp_utc": "2026-04-25T19:55:55.887512+00:00",
  "model_location": "mlp_differential_privacy/artifacts/local_dp/models/local/epsilon-4/student/best_model.pt",
  "output_name": "private_train_federate_client_student_model:epsilon-4",
  "attack_output": "mlp_attack/results/private_train_federate/client/student_model/epsilon-4",
  "target_persona": "student",
  "window_size": 1,
  "horizon": 1,
  "train_ratio": 0.7,
  "val_ratio": 0.15,
  "member_count": 2282,
  "non_member_count": 403,
  "threshold": 0.6175590753555298,
  "threshold_selection_accuracy": 0.8502793296089386,
  "score_mean_member": 0.1706944704055786,
  "score_mean_non_member": 0.20982788503170013,
  "score_std_member": 0.128133624792099,
  "score_std_non_member": 0.16707073152065277,
  "metrics": {
    "attack_accuracy": 0.8502793296089386,
    "attack_precision": 0.8544494720965309,
    "attack_recall": 0.992988606485539,
    "attack_f1": 0.9185245237130117,
    "roc_auc": 0.5441539461923393,
    "tp": 2266.0,
    "tn": 17.0,
    "fp": 386.0,
    "fn": 16.0
  }
}