{
  "binary_accuracy": 0.983400359373663,
  "binary_macro_f1": 0.6748925977972907,
  "continuous_mae": 0.015444633550941944,
  "continuous_rmse": 0.02126912958920002
}