{
  "binary_accuracy": 0.9826302729528535,
  "binary_macro_f1": 0.6607011406434102,
  "continuous_mae": 0.015711655840277672,
  "continuous_rmse": 0.022037850692868233
}