{
  "timestamp_utc": "2026-04-25T19:56:03.779379+00:00",
  "model_location": "mlp_differential_privacy/artifacts/local_dp/models/local/epsilon-5/commuter/best_model.pt",
  "output_name": "private_train_federate_client_commuter_model:epsilon-5",
  "attack_output": "mlp_attack/results/private_train_federate/client/commuter_model/epsilon-5",
  "target_persona": "commuter",
  "window_size": 1,
  "horizon": 1,
  "train_ratio": 0.7,
  "val_ratio": 0.15,
  "member_count": 2282,
  "non_member_count": 403,
  "threshold": 0.9372990131378174,
  "threshold_selection_accuracy": 0.8502793296089386,
  "score_mean_member": 0.15657833218574524,
  "score_mean_non_member": 0.1884859949350357,
  "score_std_member": 0.14896027743816376,
  "score_std_non_member": 0.18830691277980804,
  "metrics": {
    "attack_accuracy": 0.8502793296089386,
    "attack_precision": 0.8502235469448585,
    "attack_recall": 1.0,
    "attack_f1": 0.919049536850584,
    "roc_auc": 0.5289959397420312,
    "tp": 2282.0,
    "tn": 1.0,
    "fp": 402.0,
    "fn": 0.0
  }
}