{
  "timestamp_utc": "2026-04-25T19:55:46.957797+00:00",
  "model_location": "mlp_differential_privacy/artifacts/local_dp/models/local/epsilon-1/night_shift/best_model.pt",
  "output_name": "private_train_federate_client_night_shift_model:epsilon-1",
  "attack_output": "mlp_attack/results/private_train_federate/client/night_shift_model/epsilon-1",
  "target_persona": "night_shift",
  "window_size": 1,
  "horizon": 1,
  "train_ratio": 0.7,
  "val_ratio": 0.15,
  "member_count": 2282,
  "non_member_count": 403,
  "threshold": 0.8084286451339722,
  "threshold_selection_accuracy": 0.8499068901303538,
  "score_mean_member": 0.40609413385391235,
  "score_mean_non_member": 0.36675789952278137,
  "score_std_member": 0.07776451855897903,
  "score_std_non_member": 0.08061304688453674,
  "metrics": {
    "attack_accuracy": 0.8499068901303538,
    "attack_precision": 0.8501677226984719,
    "attack_recall": 0.9995617879053462,
    "attack_f1": 0.9188318227593152,
    "roc_auc": 0.34482398662093894,
    "tp": 2281.0,
    "tn": 1.0,
    "fp": 402.0,
    "fn": 1.0
  }
}