{
  "timestamp_utc": "2026-04-25T19:57:03.282221+00:00",
  "model_location": "mlp_differential_privacy/artifacts/local_dp/models/local/epsilon-20/commuter/best_model.pt",
  "output_name": "private_train_federate_client_commuter_model:epsilon-20",
  "attack_output": "mlp_attack/results/private_train_federate/client/commuter_model/epsilon-20",
  "target_persona": "commuter",
  "window_size": 1,
  "horizon": 1,
  "train_ratio": 0.7,
  "val_ratio": 0.15,
  "member_count": 2282,
  "non_member_count": 403,
  "threshold": 0.9652763605117798,
  "threshold_selection_accuracy": 0.8502793296089386,
  "score_mean_member": 0.12357985228300095,
  "score_mean_non_member": 0.1548210084438324,
  "score_std_member": 0.14393103122711182,
  "score_std_non_member": 0.17835046350955963,
  "metrics": {
    "attack_accuracy": 0.8502793296089386,
    "attack_precision": 0.8502235469448585,
    "attack_recall": 1.0,
    "attack_f1": 0.919049536850584,
    "roc_auc": 0.5442605089349597,
    "tp": 2282.0,
    "tn": 1.0,
    "fp": 402.0,
    "fn": 0.0
  }
}