{
  "timestamp_utc": "2026-04-25T19:57:03.518774+00:00",
  "model_location": "mlp_differential_privacy/artifacts/local_dp/models/local/epsilon-19/wfh/best_model.pt",
  "output_name": "private_train_federate_client_wfh_model:epsilon-19",
  "attack_output": "mlp_attack/results/private_train_federate/client/wfh_model/epsilon-19",
  "target_persona": "wfh",
  "window_size": 1,
  "horizon": 1,
  "train_ratio": 0.7,
  "val_ratio": 0.15,
  "member_count": 2282,
  "non_member_count": 403,
  "threshold": 0.8524815440177917,
  "threshold_selection_accuracy": 0.8502793296089386,
  "score_mean_member": 0.13721780478954315,
  "score_mean_non_member": 0.16940823197364807,
  "score_std_member": 0.1362517774105072,
  "score_std_non_member": 0.16681814193725586,
  "metrics": {
    "attack_accuracy": 0.8502793296089386,
    "attack_precision": 0.8502235469448585,
    "attack_recall": 1.0,
    "attack_f1": 0.919049536850584,
    "roc_auc": 0.5476161479525817,
    "tp": 2282.0,
    "tn": 1.0,
    "fp": 402.0,
    "fn": 0.0
  }
}