{
  "timestamp_utc": "2026-04-25T19:57:11.538961+00:00",
  "model_location": "mlp_differential_privacy/artifacts/local_dp/models/local/epsilon-21/wfh/best_model.pt",
  "output_name": "private_train_federate_client_wfh_model:epsilon-21",
  "attack_output": "mlp_attack/results/private_train_federate/client/wfh_model/epsilon-21",
  "target_persona": "wfh",
  "window_size": 1,
  "horizon": 1,
  "train_ratio": 0.7,
  "val_ratio": 0.15,
  "member_count": 2282,
  "non_member_count": 403,
  "threshold": 0.8049924373626709,
  "threshold_selection_accuracy": 0.8502793296089386,
  "score_mean_member": 0.135373055934906,
  "score_mean_non_member": 0.16709904372692108,
  "score_std_member": 0.13602422177791595,
  "score_std_non_member": 0.16608421504497528,
  "metrics": {
    "attack_accuracy": 0.8502793296089386,
    "attack_precision": 0.8504847129008203,
    "attack_recall": 0.9995617879053462,
    "attack_f1": 0.919016921837228,
    "roc_auc": 0.5475661287060456,
    "tp": 2281.0,
    "tn": 2.0,
    "fp": 401.0,
    "fn": 1.0
  }
}